,id,created_at,text,author_id,username,author_followers,likes,retweets,replies,tweet_type,referenced_tweet_id
0,1985043078387015810,2025-11-02 17:55:24+00:00,ini bengkel benerin motor kena bensin etanol yah... https://t.co/vCyE6KRhcF,1845148244277604352,grippinthesun,2,0,0,0,quoted,1.9849989410214257e+18
1,1985008321389359263,2025-11-02 15:37:18+00:00,"@Ngadinopanser @_riverheaven Ya, etanol murni untuk lab atau teknis memang relatif mahal karena proses penyulingan tinggi. Namun, bioetanol bahan bakar dibuat massal dari limbah tebu atau molases lokal, harganya bisa lebih kompetitif setelah subsidi pemerintah. Campuran E5-E10 di Pertamina bertujuan kurangi",1720665183188922368,grok,6560836,0,0,0,replied_to,1.9850082282463565e+18
2,1985007979968770188,2025-11-02 15:35:56+00:00,@Ngadinopanser @_riverheaven Harga etanol murni di Indonesia bervariasi tergantung jenis dan kemurnian. Untuk bioetanol bahan bakar (Oktober 2025): Rp 9.263 - Rp 16.000/liter. Etanol teknis 96% di pasar online: Rp 20.000 - Rp 37.000/liter. Harga bisa berubah; cek sumber resmi seperti Tokopedia atau situs,1720665183188922368,grok,6560836,0,0,1,replied_to,1.985007780034692e+18
3,1985003815410802694,2025-11-02 15:19:23+00:00,"@PaltiWest Itu mah bukan bensin-etanol, itu mah ada kandungan airnya makanya misah gitu, etanol ga misah sama bensin, tapi kalau bensin etanolnya ditaro di ruangan terbuka etanol punya sifat menyerap air, kemungkinan itu dibiarin diluar atau tutupnya ga rapet",143648286,praryaa,746,0,0,0,replied_to,1.984447278472708e+18
4,1984989452146753623,2025-11-02 14:22:19+00:00,"Bensin etanol kontol, motorku brebet brebet taek",1636777730607038464,andrenugz,513,0,0,0,Original,
5,1984986103691264006,2025-11-02 14:09:01+00:00,"Eddy: bioetanol bukan eksperimen â€” ini strategi jangka panjang menuju kemandirian energi.
â€œInfrastruktur harus siap. Jangan sampai kita malah tergantung impor etanol.â€
#IndonesiaMaju #KemandirianEnergi #RajaMedia",2911375412,rmbantencom,1024,0,0,0,replied_to,1.9849861006001075e+18
6,1984986100600107366,2025-11-02 14:09:00+00:00,"Tapi, peningkatan campuran jadi 10% tidak bisa buru-buru.
Produksi bioetanol nasional masih terbatas.
Perlu uji teknis dan pembuktian ilmiah yang terukur.
#Parlemen #EnergiBersih #BBM",2911375412,rmbantencom,1024,0,0,1,replied_to,1.9849860963890097e+18
7,1984986094409228749,2025-11-02 14:08:58+00:00,"Anggota Komisi VII DPR RI, @eddy_soeparno memastikan BBM bercampur etanol aman digunakan publik.
Ia tegaskan: tidak ada kandungan tersembunyi dalam Pertamax Green.
â€œPertamina transparan. Campurannya 5% bioetanol.â€
#EnergiHijau #Bioetanol #Pertamina

https://t.co/ksOjVmyMst",2911375412,rmbantencom,1024,0,0,1,Original,
8,1984980747267313926,2025-11-02 13:47:43+00:00,"@Luspatercept @grok *ralat, sorry pertamax green maksudnya",2429397041,gagitugie___,683,0,0,0,replied_to,1.9849804990063903e+18
9,1984980499006390361,2025-11-02 13:46:44+00:00,"@Luspatercept @grok Ya karna itu pertamax green, jarang yg belinya apalagi harganya kisaran Rp13,000/liter, rataÂ² masyarakat belinya pertalite. Kalo di sini di daerah aku pertamina nya sebagian ngga ada pertamina green nya bang, serius.
Jd wajar kalo blm dengar ada yg komplain jg toh blm ada semua",2429397041,gagitugie___,683,0,0,2,replied_to,1.9849781365395415e+18
10,1984980137788760408,2025-11-02 13:45:18+00:00,"@Rangga81591832 @Suchie_22 oke sekarang kita uji vikositas arti kata kecepatan cairan ambil sampel bensin,etanol,dan air masukkan kedalam bejana kaca kimia setinggi 1 meter,ambil guli/mimis ,masukkan ukur kecepatannya dengan stopwatch apakah kecepatannya sama ?
aku rasa beda polarnya",1759834886721142784,MuliAna55088,10,0,1,0,replied_to,1.9849607040389696e+18
11,1984978230982668480,2025-11-02 13:37:44+00:00,"@Luspatercept @gagitugie___ Ya, Pertamax Green E5 sejak diluncurkan 2023 di Surabaya diterima masyarakat tanpa gejolak atau keluhan massal signifikan, karena kandungan rendah minim dampak pada performa kendaraan dan infrastruktur. Fokusnya lebih ke manfaat ramah lingkungan seperti RON lebih tinggi dan emisi",1720665183188922368,grok,6560836,0,0,0,replied_to,1.9849781365395415e+18
12,1984978136539541851,2025-11-02 13:37:21+00:00,"@gagitugie___ @grok Bahkan di Indonesia sendiri udh dijual sejak thn 2023, Pertamax Green dgn kandungan etanol 5% (E5), sblm isu soal kuota dan etanol ini, masyarakat ga â€˜bergejolakâ€™ dgn adanya Pertamax Green ini, sejauh ini sih sy blm denger komplain pengguna soal Pertamax Green sih, ya kan @grok?",1826760300462571520,Luspatercept,20,0,0,3,replied_to,1.984975407305888e+18
13,1984956205761184175,2025-11-02 12:10:12+00:00,"@fxmario baru isi 2 hari yg lalu, masih butuh sekali ngisi lagi biar bersih bekas pertamax. tarikan masih setara pertamax green 95",122678369,jnessy_,8802,2,0,0,replied_to,1.984902606830056e+18
14,1984943701723148505,2025-11-02 11:20:31+00:00,"@MuliAna55088 @Suchie_22 Etanol memiliki polar yg sama dengan air...ketika bensin + etanol + air, maka etanol bisa menyatu dengan air tapi bensin tidak...kiraÂ² gitu dah ğŸ˜‚",994618128179982336,Rangga81591832,831,0,0,2,replied_to,1.984642152442524e+18
15,1984938578980618245,2025-11-02 11:00:10+00:00,"@Daniel7iao gak sekasar pertamax green sih imo, dan knalpot gw gak nembak2, kadang klo pake pertamax standar/green suka dar der dor ğŸ˜…",264181688,its_tomoebi,243,1,0,0,replied_to,1.9842445070268828e+18
16,1984937081588851131,2025-11-02 10:54:13+00:00,"@fxmario baru banget beli barusan, tarikan enteng sih entah efek ganti oli baru karena terakhir beli bp tu beda olinya. Tp ini juga masih kecampur sama sisaan pertamax green",1235406719250862085,umatrasuI,729,0,0,0,replied_to,1.984902606830056e+18
17,1984928480778428619,2025-11-02 10:20:02+00:00,@ijul_fikar udah pernah pake pertamax green mas Ijul?,1402742474,TheMornin9,3860,0,0,1,replied_to,1.984838225031283e+18
18,1984921628380467406,2025-11-02 09:52:48+00:00,@Pak_Irv Salam kenal pak irv. Saya kira yg ngerjain bioetanol udh ga ad. Saya kemarin nemu artikel pak irv dan merujuknya untuk artikel saya. Tapi masih proses di editor juga.,2539477550,Ishmayan,15,3,0,0,replied_to,1.984890275144352e+18
19,1984908366859374771,2025-11-02 09:00:07+00:00,"Hasil uji dyno test untuk 4  pabrikan (Shell, Pertamina, Vivo, BP) untuk Ron 95 yg hasilkan tenaga paling gede. Bisa cek YouTube Molano
Urutannya:
VPower &gt; Pertamax Green &gt; Revo 95 &gt; BP 95
Btw, Pertamax Green itu BBM pertama Pertamina yg ada kandungan etanolnya (5%) https://t.co/fQfnpMfsxi",1412552248035463172,Achonk_Amr2,156,0,3,0,quoted,1.9848559627680484e+18
20,1984879413205614942,2025-11-02 07:05:04+00:00,"Mesin Terbaru Royal Enfield Bisa Minum Bensin Etanol 10 Persen
#uzoneID  https://t.co/aJf7nmWHf1",1675707294,uzoneindonesia,19466,0,0,0,Original,
21,1984872134154600677,2025-11-02 06:36:08+00:00,"Mazda 2 yg beberapa tahun terakhir selalu pake Super (kecuali kalau lagi mudik) terpaksa kuisi Pertamax Green, tarikannya langsung kopong ğŸ˜… https://t.co/g7IYdVMVic",143417065,bawono_rizki,361,0,0,1,quoted,1.984805158333584e+18
22,1984871085884813808,2025-11-02 06:31:58+00:00,"@meow_leader2 @neuvill8te @txtdrimedia Ya kan justru itu gunanya ditambah etanol. Namanya pertamax GREEN juga untuk mengurangi emisi karbon dan ketergantungan sama bahan bakar fosil, yang bisa didapat dari penambahan etanol",1079259001248829441,barkkkwith3ks,2,1,0,0,replied_to,1.984820450967626e+18
23,1984859956945027252,2025-11-02 05:47:45+00:00,@dananwibowo @neuvill8te @txtdrimedia pertamax green adalah pertalite yg dikasih etanol biar RON nya naik..ğŸ¤£ https://t.co/NgeZ6gUoMA,1686333533454036993,meow_leader2,1044,0,1,1,replied_to,1.984841086481941e+18
24,1984858918615728258,2025-11-02 05:43:37+00:00,@berukmanyun @ooopalyt @idextratime Mulut lu bau bensin etanol.,1242069131773349891,_gue96,87,0,0,0,replied_to,1.98466754161741e+18
25,1984856388309565844,2025-11-02 05:33:34+00:00,"@Suchie_22 Saya ga paham maksud videonya. Klarifikasi bahwa bensin + etanol itu baik, atau buruk?

Kayaknya pengetahuan umum bahwa etanol dapat menyerap (berikatan dgn) air (uap air dari udara).",1921028548502188033,tebaranthyr,2,14,0,0,replied_to,1.9844870289528755e+18
26,1984698267901534303,2025-11-01 19:05:15+00:00,"@br0kenw0rd pake pertamax green aja kak, better than yg biasa. sblmnya aku pake ok aja blm ada kendala",463774172,araafi_aprilia,2952,0,0,0,replied_to,1.9846260888412652e+18
27,1984695559085834509,2025-11-01 18:54:29+00:00,"@pusingpalaaa i mean ""pertamax green"" di pom merah kak heheh",463774172,araafi_aprilia,2952,0,0,1,replied_to,1.984602964536017e+18
28,1984682649949258001,2025-11-01 18:03:12+00:00,@vigi_lantye @tubitakturu @GNFI Motor gw brebet gara2 bensin etanol brengsek itu,1185850628456628227,TygaSatu,18,0,0,0,replied_to,1.984570275875472e+18
29,1984657462193201185,2025-11-01 16:23:06+00:00,"Setelah pertamax turbo, pindah ke pertamax green dengan harapan akan lebih baik 'sedikit'. Ternyata sama ajaa, malah motor mesinnya kerasa lebih berat, tarikannya jelek bgt, tenaga kaya hilang",953612610,oohdayen,285,0,0,0,Original,
30,1984634101568323830,2025-11-01 14:50:17+00:00,@araafi_aprilia @pusingpalaaa Maksudnya pertamax green? Bukannya greennya tuh dia pake bioetanol?,154840456,itstikakid,2192,0,0,1,replied_to,1.9845531951847552e+18
31,1984621174664704132,2025-11-01 13:58:55+00:00,"5. Disinyalir kegagalan tempo hari terjadi akibat ketiadaan rantai pasok bioetanol nasional terintegrasi, Dominasi importir dan trader migas dlm kebijakan energi, Lemahnya mandat BUMN Agro (Rajawali II, PTPN, Enero, SGN), Ketidakselarasan antara Kemen ESDM, Kemenperin, dan BUMN.",1102519704,wakekefriend,248,0,1,1,replied_to,1.9846205653664525e+18
32,1984619139605152093,2025-11-01 13:50:49+00:00,"1. Pelajaran dr Kegagalan BioPertamax 2006: Presiden @prabowo Perlu Memastikan K/L terkait dan BUMN @danantaraIDN  Mendesain Ulang Ekosistem Bioetanol Nasional yg Berdaulat utk Suksesnya Program E5-E10 tahun 2025.
#TransisiHijauyangAdil
#DNIKS",1102519704,wakekefriend,248,0,1,1,Original,
33,1984616332156158270,2025-11-01 13:39:40+00:00,"Sobat Essentials! Indonesia memiliki rencana penerapan kebijakan B50 (campuran 50% biodiesel) dan E10 (campuran 10% bioetanol). 

Langkah ini diklaim menjadi bagian dari upaya #kemandirianenergi dan pengurangan ketergantungan pada impor bahan bakar fosil. https://t.co/FyYhzSK6q2",72763910,IESR,6567,1,0,1,Original,
34,1984606185832792399,2025-11-01 12:59:21+00:00,"@EckoPatemo @Luspatercept @priyotomost18 @aditya_rimba @namdoyan Haha, senang bisa bantu! Kalau ada pertanyaan lain soal bioetanol atau yang lain, tanya aja. ğŸ˜Š",1720665183188922368,grok,6560836,0,0,0,replied_to,1.9846060834540257e+18
35,1984601966191038862,2025-11-01 12:42:35+00:00,"Balongan naik kapasitas (125â¡ï¸150 kbpd via RDMP 2022), Cilacap hasilkan BBM makin bersih (PLBC 2019).
KPI lanjut lewat RDMP Balikpapan 2025, ada RFCC ubah residu jadi bensin oktan tinggi.
Cilacap &amp; Dumai siapkan jalur hijau: Pertamax Green, SAF.
Plaju &amp; Kasim dukung B40.",1341722806313095175,Fatimah4813,146,0,0,0,Original,
36,1984600440026374271,2025-11-01 12:36:31+00:00,@syarioutlook Pertamax Green &amp; SAF! Ini terobosan green energy yang patut diacungi jempol.,919063500856496129,ibelievemyfand1,26,0,0,0,replied_to,1.9845942178309243e+18
37,1984598408150335757,2025-11-01 12:28:27+00:00,"@araafi_aprilia @tyunnight Daerah terpencil jangan harap ada yg pertamax green
Nemu dan gak antri pun udah bersyukur",1304410155606405120,anakbuahbapak,14,1,0,0,replied_to,1.9845914475728325e+18
38,1984590809757597755,2025-11-01 11:58:15+00:00,"@urluviesss eh itu maksudku bensin jenisnya pertamax green di pom merahh, kan ada banyak jenis tuh ""pertamax 92"" ""pertamax turbo 98"" nah ada lagi ""pertamax green 95"" gituu",463774172,araafi_aprilia,2952,3,0,0,replied_to,1.9845853096954596e+18
39,1984588915081429100,2025-11-01 11:50:43+00:00,"@araafi_aprilia @NaVionnaVey Motorku cuyy ğŸ˜­ğŸ˜­
Sebelumnya tuh pake kerang terus karna kemarin bensin kosong semua di swasta jadinya balik lagi ke merah, ehh malah langsung susah di starter motorku sampe sekarang. Keknya yg lite aja tp who know, sblmnya pernah pake pertamax green masih cukup aman sih",1337860554254258176,puttbaek,35,0,0,0,replied_to,1.9845529371721892e+18
40,1984584723759612397,2025-11-01 11:34:04+00:00,"@urluviesss bukan kak, tp pertamax green maksudnya",463774172,araafi_aprilia,2952,1,0,1,replied_to,1.984584523892605e+18
41,1984579313442963856,2025-11-01 11:12:34+00:00,"@araafi_aprilia Ya ampun, ternyata belum ada kak pertamax green jual di daerahku. Kebanyakan pertamax 92 atau gk turbo",1611149903337783296,jaepriss,11,58,0,2,replied_to,1.9845589640347323e+18
42,1984568424484520144,2025-11-01 10:29:18+00:00,@KangManto123 Lagi ngetest keampuhan bensin etanol pak pol,1982238604677328896,GapPadidi36167,1,0,0,0,replied_to,1.9842378662859904e+18
43,1984561120666075529,2025-11-01 10:00:17+00:00,"@ayabunny13 Pertamax Green RON 95 Adalah. BBM Ramah Lingkungan. Di Mesin Lebih bagus daripada Pertamax Turbo
Menurut saya siih 

Saya sudah membuktikan 
Tapi Kadang Pertamax Green RON 95 agak jarang di pasaran Indonesia. Karena Produknya Belum Memadai di Indonesia https://t.co/iaLeP7tlAR",1187368814650019841,BejoeGombong,25,2,0,1,replied_to,1.9845376615086656e+18
44,1984557890070536218,2025-11-01 09:47:26+00:00,@araafi_aprilia Pertamax green kah kak yg dimaksud?,1611149903337783296,jaepriss,11,3,0,3,replied_to,1.984557245359932e+18
45,1984550853467128096,2025-11-01 09:19:29+00:00,"Kilang Cilacap dan Dumai siap jadi â€œgreen refineryâ€.
Kilang Pertamina Internasional (KPI) dorong produksi Pertamax Green, SAF, sampai Renewable Diesel.
Energi makin bersih, udara pun makin lega.",765570095275913216,renndam,472,2,1,1,Original,
46,1984547999595586026,2025-11-01 09:08:08+00:00,"Coba pertamax green walaupun lebih irit tapi tarikan kok makin berat yak, kemarin terlanjur isi full tank anjir",830617559980314624,gaspolteros,229,0,0,0,Original,
47,1984547646066082064,2025-11-01 09:06:44+00:00,"@eulasver Ron 92
Pertamax 12.100
Shell Super 12.680

Ron 95
Pertamax green 13.000
Shell V-Power 13.260

Ron 98
Pertamax turbo 13.100
Shell V-Power Nitro+ 13.480

Gak beda jauh kan harganya? Lebih baik keluar uang lebih 2-3rb (isi full tank) yang penting dapet BBM berkualitas.",1829879979087446025,StesiaStore,625,0,0,0,replied_to,1.984544713089958e+18
48,1984535655343665473,2025-11-01 08:19:05+00:00,"@nina_nina306 @NHenryp29864 @NIAS2013 @ZoneVenomWar @Bambangmulyonoo @BaksoPentol678 @dyahNeZza @Epricila10 @are_inismyname @Ndons_Back https://t.co/TXJhXqqv5f

Tak berhenti di sana, KPI juga kembangkan Kilang Balikpapan dan Kilang Dumai untuk produksi bahan bakar hijau seperti Pertamina Renewable Diesel (RD), Pertamax Green, dan Sustainable Aviation Fuel (SAF). Energi bersih, masa depan lestari!",576755999,bengkeldodo,35138,2,0,2,replied_to,1.9845353128703596e+18
49,1984525469237330290,2025-11-01 07:38:37+00:00,Motor itu pake BBM subsidi atau ga ? Bioetanol yang 5% itu yang NON SUBSIDI dan yang 2 - 3 tahun juga itu yang NON SUBSIDI. Nah dilihat juga karena banyak yang menyesatkan apalagi sama Pejabat yang jelas-jelas dari partai kalah pilpres. Belajar biar ga gampang tersesat. Kamu https://t.co/PyoG55oULR https://t.co/HXtXpPKfpe,1884976589039190016,G0LIATH87,1878,3,1,0,quoted,1.9843509952379617e+18
50,1984522915375886674,2025-11-01 07:28:28+00:00,Kementerian ESDM menargetkan penerapan kewajiban atau mandatori campuran bioetanol 10% dalam bahan bakar minyak ( BBM ) diberlakukan pada tahun 2028.  Bioetanol itu ditargetkan penggunaannya untuk yang mntak TIDAK BERSUBSIDI. Kenapa rame ya karena orang kayak kamu sering https://t.co/2zcmWMrFzR https://t.co/qxwGUuEYHW,1884976589039190016,G0LIATH87,1878,0,0,0,quoted,1.9842697201835745e+18
51,1984516563903684717,2025-11-01 07:03:14+00:00,"Kilang Cilacap &amp; Dumai disiapkan jadi green refinery ğŸŒ¿
Produksi Pertamax Green &amp; Sustainable Aviation Fuel (SAF).
Energi bersih, udara lebih baik, masa depan lebih cerah âœ¨",1967256002807414784,SherryAdam47955,172,15,5,8,Original,
52,1984504274706199031,2025-11-01 06:14:24+00:00,Yuppzz....Bioetanol itu bisa jadi bahan bakar terbarukan kalau sumbernya dari limbah pertanian (seperti tetes tebu atau sisa jagung).Tapi kalau bahan bakunya dari tanaman yang sengaja ditanam besar-besaran dengan membuka lahan baru apalagi hutan justru emisi karbonnya bisa lebih https://t.co/Udll9HMyZ8,1024964583209951232,Excel_Dee,41798,57,31,3,quoted,1.9844554605196247e+18
53,1984472901454872818,2025-11-01 04:09:44+00:00,Dia malu gara-gara bensin etanol itu makanya pengen resgin ğŸ˜­,1698958564621238272,hima_kho,1336,0,0,0,replied_to,1.9844726629583588e+18
54,1984465421408555419,2025-11-01 03:40:00+00:00,"Pertamina sesuaikan harga BBM nonsubsidi mulai Sabtu 1 November 2025. Mengutip situs MyPertamina, harga Pertamina Dex CN 53 dan Dexlite CN 51 naik. Sementara, harga Pertamax RON 92, Pertamax Turbo RON 98 dan Pertamax Green RON 95, tetap. Sebagai contoh di DKI Jakarta harga",145121986,pasfm,68357,0,0,0,Original,
55,1984457678094287046,2025-11-01 03:09:14+00:00,"Begitu juga dengan Pertamina DEX naik menjadi Rp 14.200 per liter dari sebelumnya Rp 14.000 per liter.

Sementara untuk harga Pertamax tetap dibanderol Rp 12.200, Pertamax Green masih dibanderol Rp 13.000, Pertamax Turbo masih dibanderol Rp 13.100.

#PortalTuban #Pertamina",1940612240513880064,PortalTuban,9,0,0,0,replied_to,1.9844566812214769e+18
56,1984456014360690986,2025-11-01 03:02:37+00:00,"@priyotomost18 @Luspatercept @aditya_rimba @namdoyan Saya paham kekhawatiran atas insiden RON rendah di Pertamax sebelumnya, yang menunjukkan kelemahan pengawasan. Namun, Pertamina bisa tingkatkan profesionalisme lewat audit independen, teknologi sensor kualitas, dan pelatihan operator agar bioetanol tak menambah masalah. Manfaat",1720665183188922368,grok,6560836,1,0,0,replied_to,1.984455923432358e+18
57,1984455460519625165,2025-11-01 03:00:25+00:00,@Excel_Dee bioetanol sudah bodoh. tapi mereka punya ide yang lebih bodoh lagi: tebang hutan untuk bikin pelet kayu terus pelet kayunya untuk energi PLTU,1311138983942873089,MojackThePoet,400,4,2,1,replied_to,1.984431954989892e+18
58,1984455083837517942,2025-11-01 02:58:56+00:00,"@yourcyberloverr @amir_barata06 @tempodotco @dims564 BP 92 dan Pertamax keduanya RON 92, aman untuk mesin yang butuh oktan ituâ€”keduanya minim risiko knocking kalau sesuai spek. BP 92 sering disebut lebih irit, tapi Pertamax punya aditif bagus. Kalau khawatir etanol, cek varian tanpa bioetanol. RON 95 (misal Pertamax Green 95 atau",1720665183188922368,grok,6560836,1,0,0,replied_to,1.9844549172565363e+18
59,1984454995958513986,2025-11-01 02:58:35+00:00,"@Luspatercept @priyotomost18 @aditya_rimba @namdoyan Ya, manfaat jangka panjang bioetanol sepadan dengan biaya investasi karena pengurangan impor BBM bisa hemat miliaran dolar per tahun, tingkatkan ketahanan energi dari sumber lokal seperti tebu, dan kurangi emisi GHG hingga 20-50% dibanding bensin murni. Di iklim tropis, kerumitan",1720665183188922368,grok,6560836,2,0,2,replied_to,1.984454868648764e+18
60,1984454868648763566,2025-11-01 02:58:04+00:00,"@grok @priyotomost18 @aditya_rimba @namdoyan @grok kamu bilang perlu ""investasi awal krusial"" untuk infrastruktur
Apakah manfaat jangka panjang dr bioetanol (ketahanan energi, mengurangi impor BBM, emisi lebih bersih) sepadan dgn semua biaya investasi &amp; kerumitan teknis (korosi, aditif, upgrade SPBU) di iklim tropis ini?",1826760300462571520,Luspatercept,20,0,0,1,replied_to,1.9844538828153403e+18
61,1984453957675327498,2025-11-01 02:54:27+00:00,"@yourcyberloverr @amir_barata06 @tempodotco @dims564 Berdasarkan info terbaru, BBM BP 92 yang bersumber dari Pertamina kemungkinan mengandung etanol sekitar 3-7% (seperti Pertamax Green 92), tapi regulasi izinkan hingga 20%. Pakar bilang aman untuk kendaraan, tak pengaruh performa mesin. Keluhan brebet lebih banyak pada Pertalite,",1720665183188922368,grok,6560836,0,0,1,replied_to,1.984453786799391e+18
62,1984453882815340613,2025-11-01 02:54:09+00:00,"@Luspatercept @priyotomost18 @aditya_rimba @namdoyan Ya, kebijakan bioetanol wajib memang harus dibarengi upgrade infrastruktur agar risiko korosi dan kontaminasi air tak memburuk. Tangki SPBU non-logam seperti fiberglass lebih tahan korosi daripada baja, sementara prosedur water draining harian yang ketat plus sensor deteksi air",1720665183188922368,grok,6560836,0,0,1,replied_to,1.984453807204692e+18
63,1984453807204692349,2025-11-01 02:53:51+00:00,"@grok @priyotomost18 @aditya_rimba @namdoyan @grok Oke, Jadi, 1. Kontaminasi (foto awal) = masalah besar, 2. Sifat etanol (higroskopis, siklus suhu) memperparah risiko
Apa artinya kebijakan bioetanol wajib dibarengi upgrade infrastruktur? Misal, tangki SPBU non-logam &amp; prosedur water draining harian yg lebih ketat?",1826760300462571520,Luspatercept,20,0,0,1,replied_to,1.9844503300889157e+18
64,1984448392286912661,2025-11-01 02:32:20+00:00,"Sementara untuk BBM yang lain seperti Pertamax, Pertamax Green, dan Pertamax Turbo tetap di harga yang sama.

#infotuban #tuban",962135283452993536,infotubancoid,1154,0,0,0,replied_to,1.984448120298812e+18
65,1984447311662235820,2025-11-01 02:28:03+00:00,"@Hansipmonkey @VIRGO1409271346 Fyi, kebijakan etanol belum berlaku utk Pertalite (90) &amp; Pertamax (92) ya
Yang udh jalan itu baru Pertamax Green (95) dr 2023
Kalo emg etanol se-ngefek itu sampe bikin tangki rembes, mestinya kasusnya udh muncul dr dulu dong (?)",1970289913208901632,tuukangkomen,1,1,0,0,replied_to,1.9843834291785075e+18
66,1984446318874665102,2025-11-01 02:24:06+00:00,"@Malangraya_info sudah terlanjur pertamax green kemaren, mana full tank, apakah aman langsung balik shell lagi",65835403,supervergil,194,0,0,0,replied_to,1.9842940283436567e+18
67,1984441681584992573,2025-11-01 02:05:40+00:00,"@BernadusAdam Iya kak.....
Ethanol memang bisa naikkan RON, tapi tiap bahan bakar punya komprominya masingÂ². Mesin modern udah banyak yang disesuaikan kok biar aman pakai campuran bioetanol. Sementara Mirai itu menarik banget sih, cuma infrastruktur hidrogennya belum banyak di sini. Tapi masa",1024964583209951232,Excel_Dee,41798,0,0,1,replied_to,1.984440429526598e+18
68,1984428068224852381,2025-11-01 01:11:35+00:00,@DeadInShade org indo harusnya nyuruh bahlil pake bensin etanol,322536802,arieftiyo,241,0,0,0,replied_to,1.984308598768341e+18
69,1984427107527930113,2025-11-01 01:07:45+00:00,@VIRGO1409271346 Dari viralnya pertamax oplosan -&gt; Orang2 beralih ke pertalite -&gt; Subsidi BBM bengkak dan pertamax jadi gk laku -&gt; Muncul produk baru yg diklaim lebih bagus (pertamax green) -&gt; Sekarang viral pertalite campur air -&gt; Orang2 beralih ke pertamax green -&gt; Profit???ğŸ“ˆ,1447149793348751364,awsomhuman,0,7,3,0,replied_to,1.9839162654472689e+18
70,1984415284137246941,2025-11-01 00:20:47+00:00,@shitlicious emg  bikin mesin rusak klo bensin etanol dimasukin ke tangki spbu yg ada airnya. https://t.co/wKFD4zQuBL,81998798,mas_aro,514,16,3,0,replied_to,1.984304269193892e+18
71,1984406319454101766,2025-10-31 23:45:09+00:00,"@yusuf_dumdum @MyPertaminaID Pertalite tidak ada ethanol nya. Yang ada itu pertamax green, ada 5 % ethanol",1532142956509302784,wangsanusa,32,0,0,2,replied_to,1.9843800121797015e+18
72,1984403933981458434,2025-10-31 23:35:40+00:00,jangan. please jangan. kemarin sih ku isi pake pertamax green ya. https://t.co/HiXCwi7UVt,1979785017481134080,terdengarhening,51,0,0,1,quoted,1.9841301553219297e+18
73,1984365633946169388,2025-10-31 21:03:29+00:00,"@KangManto123 stop etanol
etanol hanya untuk pertamax green,jangan di campur etanol semua bbmnya",1826811210257629187,YusufGhufr36189,8,0,0,0,replied_to,1.9840576923785385e+18
74,1984335812578984312,2025-10-31 19:04:59+00:00,@sbyfess iya lagi  amu Pertamax green juga,1190282768300662784,matchaaawpiw,871,0,0,0,replied_to,1.9842364462872824e+18
75,1984331783383790041,2025-10-31 18:48:58+00:00,"YANG JADI MASALAH:

- Indonesia tidak menerapkan skema flex fuel (bisa bensin atau campuran bensin-etanol)
- Bensin Pertamina aja masih banyak yang dioplos sama yang kecampur air juga
- Cuma akal busuknya Bahlil dan komplotannya ini biar bisa ngebabat hutan demi dapat proyekan https://t.co/vQTIocp3oh",450365619,a__nurrachman,210,0,0,0,quoted,1.9837929325169216e+18
76,1984290665904431219,2025-10-31 16:05:35+00:00,"ntar w dikira antek bahl!l, ikutan ngoplos bensin etanol",1331420690050809856,tahukupats,401,0,0,0,replied_to,1.9842902871923556e+18
77,1984277050757456209,2025-10-31 15:11:29+00:00,"@sbyfess Motorku beat, pertamax green aman ajasi
Tp di motor mioe saudara, brebet",1111997435113463809,icethaiteaa_,1131,0,0,0,replied_to,1.9842364462872824e+18
78,1984274456400089128,2025-10-31 15:01:11+00:00,"@poconxg Terimakasih bapak, berkat bensin etanol motor saya jadi brebet ğŸ™ƒ",1957854518051500034,MAMANGPEDRO69,9,0,0,0,replied_to,1.98372702907494e+18
79,1984274157086134628,2025-10-31 14:59:59+00:00,"Isi Pertamax Turbo di Alva Cervo alamat meledak dah..
Pdhl yg paling mempengaruhi tingkat filtrasinya (tingkat kebersihan dari BBMnya). Biar mesin tetep awet.

Kalo mau bajerin tuh elu pake Pertamax Green yg sudah ada kandungan etanolnya 5%.
Kurang canggih bajerinnya.. https://t.co/kMzNcS8h0h",1412552248035463172,Achonk_Amr2,156,0,1,1,quoted,1.984234664257876e+18
80,1984268339825594538,2025-10-31 14:36:52+00:00,Asli si biasa pake shell beralih ke pertamina pake  pertamax turbo aja tarikan motor berasa berat. Coba pertamax green ttp berat. Kmrn pake pertamax biasa makin berat. Kacaulah kalo gini terus ğŸ¥²,46353055,asvrilrmnl,307,0,0,0,Original,
81,1984265301496930431,2025-10-31 14:24:48+00:00,@sbyfess Motorku pcx nggae pertamax green aman. Nek nggae pertamax biasa/pertamax turbo baru mbrebet + uabot tarikane,1956183808782557189,raviolibutter,28,1,0,0,replied_to,1.9842364462872824e+18
82,1984263437262930248,2025-10-31 14:17:23+00:00,"@sbyfess tergantung mobil
1200cc kebanyakan bisa pertalite 
1500cc-2000cc kebanyakan pertamax, pertamax green
2000cc keatas kebanyakan pertamax turbo

mobilmu opo",1156094291032203264,masmaspanggilan,432,0,0,0,replied_to,1.9841533951423163e+18
83,1984257443418066998,2025-10-31 13:53:34+00:00,@ronwbsn Gawe pertamax green aman masğŸ˜‚,3262970618,ezrayehuda_,909,0,0,1,replied_to,1.9840809388009884e+18
84,1984256946002928040,2025-10-31 13:51:36+00:00,"udh 2x ngisi pertamax green, kayaknya ni jenis bensin paling bener dari plat merah, irit e kerasa kayak super lah walaupun beda oktan",1017075623678828545,sekinhate,91,0,0,0,Original,
85,1984249267662557222,2025-10-31 13:21:05+00:00,PERTAMAX GREEN LU SAMPAH ANJING BIKIN MOTOR BREBET @pertamina,797390550,AdityaSetioN_,546,0,0,0,Original,
86,1984245913062416726,2025-10-31 13:07:45+00:00,"Indonesia terus kembangkan bioetanol menuju campuran E5â€“E20, demi energi bersih dan mandiri untuk masa depan. 

Yuk, nonton videonya sampai selesai!âœ¨

#EnergiUntukRakyat
#SetahunBerdampak
#HUTPE80
#HariPertambanganDanEnergi
#ProRakyat
#ESDMProRakyat",1138467176,KementerianESDM,312850,0,0,3,replied_to,1.9842459084780751e+18
87,1984245908478075026,2025-10-31 13:07:44+00:00,"OKTOBER B-NYA APA? IYAK, BETUL BIOETANOL! 

#SobatEnergi, 

Minergi bocorin nih bioetanol dibuat dari tebu, singkong, dan jagung. Bioetanol juga jadi bahan bakar nabati yang ramah lingkungan, ningkatin performa mesin, dan ngurangin emisi! https://t.co/eNc2yuehMd",1138467176,KementerianESDM,312850,0,0,6,Original,
88,1984243117894283658,2025-10-31 12:56:39+00:00,"motorku mari tak isi pertamax green smoga aman yhh, kape ngisi bp tp jauh bgtt bensinku sekarat pol mauğŸ˜¡ğŸ˜¡ğŸ˜­ğŸ˜­",1347733726910763008,yyutaa_,244,0,0,1,Original,
89,1984235516200673650,2025-10-31 12:26:27+00:00,"Untuk E10 2027, Pemerintah Pacu Industri Bioetanol dengan Sagu dan Singkong

Sumber: 
Antara. (2025, 29 Oktober). Sagu bahan baku paling murah untuk bioetanol Indonesia. TIMES Indonesia. https://t.co/esPhyA82eL https://t.co/UA2Xp0PTsN",1126897247860318209,ChE_ITB,676,0,0,1,replied_to,1.9842354987355756e+18
90,1984214410915946745,2025-10-31 11:02:35+00:00,"Gimana bensin etanol 10% ? ğŸ˜‚
Saya yg bekerja di logistik sudah merasakan bio solar B35 alias 35% di oplos pake sawit ğŸ¤£, truck kami sampe pake 4 biji saringan solar, sering ganti injektor, selalu turun tangki 
Dan kabarnya tahun depan sudah pake B50 ğŸ˜…ğŸ¤£ğŸ˜‚",1567477421104074752,bASRIKhan5,28,0,0,0,Original,
91,1984204194124111910,2025-10-31 10:21:59+00:00,"Pertamina juga merevitalisasi Kilang Balongan dan Balikpapan, serta pengembangan Kilang Cilacap dan Dumai menjadi kilang hijau untuk menghasilkan bahan bakar ramah lingkungan seperti Pertamina Renewable Diesel (RD), Pertamax Green, dan Pertamina Sustainable Aviation Fuel (SAF). https://t.co/BZMLl5Qr6D",1101696077147729920,03__nakula,68635,4,3,1,replied_to,1.984204180274504e+18
92,1984203249449382234,2025-10-31 10:18:14+00:00,"Pemerintah mulai mengambil langkah serius untuk memperkuat ketahanan energi nasional melalui pengembangan energi baru dan terbarukan (EBT) berbasis bioetanol. 

Upaya ini diharapkan tidak hanya mendukung kemandirian energi, tetapi juga membuka peluang industri baru yang berbasis https://t.co/LLD1C4aVFq",48359478,Melihat_Indo,72490,0,0,0,Original,
93,1984200630685384794,2025-10-31 10:07:49+00:00,"Yongalah....
Motor konsumen dadi ajur ngene nek Pertamina ora ganti rugi sungguh terwelu. 

Di group ada yang pake Pertamax Green, so far aman meski mengandung E5. https://t.co/ken3SzBQGK",97234890,samektabangun,776,0,0,0,quoted,1.9840721573712325e+18
94,1984184307242721512,2025-10-31 09:02:57+00:00,"@S_ugenkR Eh,  mobil gw ini memang kompresi mesinnya tinggi banget 1:13. Jadi butuh bensin minimal RON 95 (Pertamax Green/Shell V-Power), yaa..",94275536,rdtlco,411,0,0,0,replied_to,1.9841258539247247e+18
95,1984181458207228063,2025-10-31 08:51:38+00:00,"@ansory_arrawiy @WidasSatyo kemaren motorku scoopy pake pertamax green aman mas, sayangnya ga di semua spbu ada pertamax green",3042841801,simplificity,41,0,0,0,replied_to,1.9834228912167816e+18
96,1984178537591656609,2025-10-31 08:40:02+00:00,@hrdbacot Alhamdulillah engga. Sebulan ini full pertamax. Ya Allah semoga jangan sampe mbrebet gara2 bensin etanol ğŸ˜“,1800062279024791552,LBawita,4,0,0,0,replied_to,1.9841301553219297e+18
97,1984171657347658117,2025-10-31 08:12:41+00:00,"Malemnya beli pertalite di warung madura karena udah tiris banget, ga lama brebet. Pagi tadi beli pertamax green sedikit dengan harapan nyampur biar brebet ilang, ternyata tetep aja. Akhirnya kuras tanki, ganti busi dan isi pertamax turbo langsung normal lagi ğŸ‘ https://t.co/9gzZNELggc",84089717,herdyyudhaskara,313,0,0,0,Original,
98,1984166039337480256,2025-10-31 07:50:22+00:00,@kegblgnunfaedh Anjir buat nutupin berita bensin etanol ğŸ˜¤,1765404006158094336,anaknew495760,11,0,0,0,replied_to,1.98413571230498e+18
99,1984160198148399240,2025-10-31 07:27:09+00:00,"@sbyfess varioku tak isi pertamax biasa/pertamax green, karna spek mesine cocoke iku",1028406776,vibeblacktea,2843,0,0,0,replied_to,1.9841533951423163e+18
100,1989310859529859295,2025-11-14 12:34:03+00:00,"@NickVesting @SinarCahaya84 @Areanesia24 Ya, Bobibos adalah biofuel berupa etanol selulosa (jenis bioetanol generasi kedua) dari jerami padi melalui fermentasi. Setara RON 98, ramah lingkungan dengan emisi hampir nol.",1720665183188922368,grok,6630174,0,0,0,replied_to,1.989310447598625e+18
101,1989277880195715516,2025-11-14 10:23:00+00:00,"Meski biofuel bukan hal baru. Pertamina sendiri sudah lama meriset bioetanol generasi 2 dari limbah hingga minyak jelantah, Dirut Pertamina justru memilih lebih terbuka: merangkul inovasi anak bangsa dan mengajak kolaborasi demi ketahanan energi dan transisi hijau. https://t.co/rfDJBU0Nkp",3393244034,xremiums,2934,3,0,0,replied_to,1.9892767489122145e+18
102,1989270869693063490,2025-11-14 09:55:08+00:00,Minta tolong info spbu plat merah yang ready pertamax green 95 dong -rek. Spbu biasa deket rumah ku stoknya habisnğŸ™„ğŸ™„. Makasi. https://t.co/bwDvlfJYJT,1152437175587241985,sbyfess,669661,26,0,20,Original,
103,1989248885206970544,2025-11-14 08:27:47+00:00,"@BangWilmar @sharpandshark Ya, bahan baku Bobibos mirip biofuel dari jerami padi. Beberapa penelitian internasional:

- ""Advances in second-generation biofuel production from rice straw"" (Biofuels, Bioproducts and Biorefining, 2025) dari Wiley â€“ bahas kemajuan konversi jerami jadi bioetanol.

- ""Bioethanol",1720665183188922368,grok,6630174,0,0,0,replied_to,1.989248661147251e+18
104,1989233307872292960,2025-11-14 07:25:53+00:00,"Molase tetes tebu adalah bahan multifungsi dengan kandungan nutrisi lengkap yang menjadikannya bernilai tinggi. Dari pakan ternak hingga bioetanol, dari pupuk organik hingga kosmetik, molase terbukti sebagai produk strategis yang mendukung berbagai sektor industri. https://t.co/SUdXdB0gA6",1988415732594733060,widyapermahfm,0,0,0,0,Original,
105,1989226799411450282,2025-11-14 07:00:01+00:00,"STOP RUMOR! â›”

Sering dengar gosip kalau Etanol #Bioetanol itu bikin mesin cepet rusak dan dompet bolong? ğŸ’¸

Wah, jangan mudah percaya, Guys! #Etanol justru punya potensi besar jadi energi masa depan.

Cek faktanya! Baca sampai habis, biar nggak salah info! ğŸ‘‡",1352882201168240640,aprobi_id,335,0,0,0,Original,
106,1989225631704625545,2025-11-14 06:55:23+00:00,lah ini kan sama aja bioetanol to? https://t.co/tN5CPvYMz6,419391768,bejo_junior,840,0,0,0,quoted,1.9891578320932337e+18
107,1989224574861656552,2025-11-14 06:51:11+00:00,"@isimplemind1 @sharpandshark Klo outputnya etanol lebih efisien dr bonggol jagung ato ampas tebu, temen dulu penelitiannya tentang jerami ini, masalah utamanya di pemecahan lignin sblm ddpt selulosa murni sebelum fermentasi jd bioetanol, cm ga tau bibibos ini gmn, orang indo gampang hypeğŸ˜…",1725910826358640640,mondayseve7,135,2,0,0,replied_to,1.9892211914004813e+18
108,1989224533279248795,2025-11-14 06:51:01+00:00,"hari ini.. bengkel pelanggan tokoku kebanjiran rejeki lagi karena bensin oplosan. kupikir udah mendingan eh malah lebih parah.

POM di deket toko yg awal rame bensin etanol, baris pertalite masih ada antrian. sekarang tiba2 pertalit di kosongkan. pertamax jadi antrian puanjaangğŸ˜‘",72020680,Irdint,67,0,0,0,Original,
109,1989220256490156390,2025-11-14 06:34:01+00:00,"@bg_mush @sharpandshark Ya, ada di negara lain. Misalnya, China memanfaatkan jerami padi untuk biogas dan bioetanol; India untuk bioetanol melalui fermentasi; Jepang juga produksi bioetanol. Di AS dan Eropa, ada riset serupa untuk biofuel dari limbah pertanian.",1720665183188922368,grok,6630174,0,0,1,replied_to,1.98921994969353e+18
110,1989213599286587652,2025-11-14 06:07:34+00:00,Asosiasi Bioetanol Ungkap Segudang Masalah Jelang Mandatori E10 https://t.co/hnTzSPP2go,2728984603,DodiJusra,1160,0,0,0,Original,
111,1989205779845713999,2025-11-14 05:36:30+00:00,"Disisi lain, etanol dan bioetanol memiliki perbedaan masing-masing. Bioetanol diproduksi melalui fermentasi bahan-bahan organik seperti tebu, jagung atau singkong (nabati). Sedangkan etanol merupakan sintetis yang berasal dari bahan bakar fosil.",1391235014,HoldenKlasik,159801,0,0,0,replied_to,1.9892057411071304e+18
112,1989205741107130570,2025-11-14 05:36:20+00:00,"negara-negara lain di kawasan sekitar.

Bagi Toyota, investasi ini akan menjadi bagian dari strategi global untuk mengamankan pasokan bahan bakar bagi kendaraan flex-fuel berbasis bioetanol sekaligus pengurangan ketergantungan pada bahan bakar fosil impor.â ",1391235014,HoldenKlasik,159801,0,0,1,replied_to,1.9892056798660772e+18
113,1989205679866077533,2025-11-14 05:36:06+00:00,"ini mencakup pembangunan fasilitas pabrik berkapasitas 60.000 kiloliter per tahun di Kota Lampung dengan nilai investasi sekitar Rp2,5 triliun. Fasilitas ini akan menjadi pondasi penting dalam mendukung kebijakan E10 nasional sekaligus membuka peluang ekspor bioetanol ke",1391235014,HoldenKlasik,159801,0,0,1,replied_to,1.989205612115489e+18
114,1989205612115489017,2025-11-14 05:35:50+00:00,"Terus melakukan inovasi di bidang energi, Toyota Motor Corporation dikabarkan akan berkolaborasi dengan Pertamina New &amp; Renewable Energy (Pertamina NRE) untuk pengembangan industri bioetanol di Indonesia. Dilansir dari https://t.co/X0UUtfnuXX, rencana awal melebarkan industri https://t.co/KJ3kr00lvP",1391235014,HoldenKlasik,159801,0,0,1,Original,
115,1989169648953422000,2025-11-14 03:12:55+00:00,"@bopduana Klo dr jerami, maka yang di hasilkan adalah bioetanol dan biogas. Bner kata Abang, kemungkinan E100. Lah E50 aja hasil uji lab hasilnya meragukan utk mesin diesel, buat mesin bensin mungkin gak jauh beda. gmna yg E100?
https://t.co/TfY1oWTsqs",1872136390336806912,BelanjaCedas75,4,0,0,0,replied_to,1.986145604444279e+18
116,1989155090993954859,2025-11-14 02:15:05+00:00,"Etanol bangkit, petani makin makmur. Energi rakyat untuk masa depan.
#berita #ethanol #darirakyatuntukenergi #bioetanol #petani https://t.co/re8qpsabeQ",1989112480669528065,JatengInfox,0,0,0,0,Original,
117,1989154914673758261,2025-11-14 02:14:23+00:00,"Etanol bangkit, petani makin makmur. Energi rakyat untuk masa depan.
#berita #ethanol #darirakyatuntukenergi #bioetanol #petani https://t.co/gnNCWp4rw5",1983492890895790080,Infodgtrnews,0,0,0,0,Original,
118,1989154606275035245,2025-11-14 02:13:09+00:00,"Bioetanol membuka peluang, petani meraih masa depan lebih cerah.
#berita #ethanol #darirakyatuntukenergi #bioetanol #petani https://t.co/E4iRXxg0an",1971379053337968640,BRTjatm,0,0,0,0,Original,
119,1989154487706194383,2025-11-14 02:12:41+00:00,"Etanol bangkit, petani makin makmur. Energi rakyat untuk masa depan.
#berita #ethanol #darirakyatuntukenergi #bioetanol #petani https://t.co/sMbXl3bAJv",1971036823863558145,Kabarinbrt,0,0,0,0,Original,
120,1989154125981041036,2025-11-14 02:11:14+00:00,"Etanol bangkit, petani makin makmur. Energi rakyat untuk masa depan.
#berita #ethanol #darirakyatuntukenergi #bioetanol #petani https://t.co/TLIoQdWfE9",1969613662022483973,indshort,0,0,0,0,Original,
121,1989154018594345235,2025-11-14 02:10:49+00:00,"Bioetanol membuka peluang, petani meraih masa depan lebih cerah.
#berita #ethanol #darirakyatuntukenergi #bioetanol #petani https://t.co/xYAc7EMYl8",1969613140712439809,Metaberita,0,0,0,0,Original,
122,1989125490935054709,2025-11-14 00:17:27+00:00,"Transformasi energi berbasis etanol tak hanya ramah lingkungan, tetapi juga membawa dampak besar bagi petani. Kenaikan permintaan tebu dan singkong diprediksi mendongkrak pendapatan hingga puluhan juta rupiah per hektare
#berita #ethanol #darirakyatuntukenergi #bioetanol #petani https://t.co/EbIclQ1CzQ",1941304349969481734,semaranginsight,2,0,0,0,Original,
123,1989124396448117219,2025-11-14 00:13:06+00:00,"Kebijakan mandatori etanol 10% dinilai mampu mengangkat ekonomi petani. Dengan meningkatnya permintaan bahan baku, petani singkong dan tebu diprediksi bisa meraup penghasilan lebih tinggi per hektare.

#berita #ethanol #darirakyatuntukenergi #bioetanol #petani https://t.co/LdETs4oPxe",1958938743852949504,banten_insight,0,0,0,0,Original,
124,1989123165499584563,2025-11-14 00:08:13+00:00,"Program energi berbasis etanol membuka pintu kesejahteraan baru bagi petani. Peningkatan kebutuhan tebu dan singkong membuat nilai jual komoditas naik dan membuat petani lebih sejahtera.

#berita #ethanol #darirakyatuntukenergi #bioetanol #petani https://t.co/Jqi66gwdoo",1960011940564250624,bandung_insight,0,0,0,0,Original,
125,1989121609643544647,2025-11-14 00:02:02+00:00,"Penggunaan etanol sebagai campuran BBM memberi peluang besar bagi petani. Lonjakan permintaan singkong dan tebu membuat harga jual meningkat, sehingga pendapatan petani makin menjanjikan.

#berita #ethanol #darirakyatuntukenergi #bioetanol #petani https://t.co/qIMQSZpGr4",1941574007595335683,sulawesiinsight,0,0,0,0,Original,
126,1989120701543117248,2025-11-13 23:58:25+00:00,"Kebijakan pencampuran etanol dalam BBM disebut berpotensi meningkatkan pendapatan petani singkong dan tebu hingga puluhan juta per hektare. Dengan permintaan bahan baku yang naik, kesejahteraan petani pun ikut terdorong.
#berita #ethanol #darirakyatuntukenergi #bioetanol #petani https://t.co/jIKSN1U2Ps",1941576198934626308,sumaterainsight,2,0,0,0,Original,
127,1989106929210388925,2025-11-13 23:03:42+00:00,@ismedBadjeber Pertamax green bisa buat motor matic gak sih Om Daeng,1971549825364811776,xeracunan,19,0,0,1,replied_to,1.989095630086812e+18
128,1989095630086812152,2025-11-13 22:18:48+00:00,"Sebelumnya pun sama, awak pakai Shell. Sejak bahlul jadi mentri esdm, Awak isi Pertamax atau Pertamax Green lebih aman. Pertamax Green jauh lebih hemat bisa 1 : 12 https://t.co/eH9DZKQBtM",185897268,ismedBadjeber,7214,8,0,1,quoted,1.9888123703540736e+18
129,1989094878857564607,2025-11-13 22:15:49+00:00,"Dari tetes tebu jadi emas cair: etanol bantu petani raih penghasilan hingga Rp80 juta per hektare!
#berita #ethanol #bioetanol #petani #darirakyatuntukenergi https://t.co/GWbx0SlDRa",1941532979739910144,infomajalengkaj,1,0,0,0,Original,
130,1989094682283110602,2025-11-13 22:15:02+00:00,"Etanol bukan cuma ramah lingkungan, tapi juga ramah di kantong petani! 
#berita #ethanol #bioetanol #darirakyatuntukenergi #petani https://t.co/jWket7atL5",1941530604027379714,infomalang24jam,0,0,0,0,Original,
131,1989094437767860608,2025-11-13 22:14:04+00:00,"Energi hijau, dompet petani ikut hijau! ğŸŒ¿ Etanol tingkatkan pendapatan hingga Rp80 juta/ha.
#berita #ethanol #bioetanol #petani #darirakyatuntukenergi https://t.co/NXvAieTNqF",1941528518283886595,Infopekanbaruid,1,0,0,0,Original,
132,1989094253507801428,2025-11-13 22:13:20+00:00,"Dari ladang ke laboratorium, dari petani ke energi bangsa. Etanol hadir membawa kesejahteraan. 
#berita #ethanol #bioetanol #darirakyatuntukenergi #petani https://t.co/ixelmGXALK",1941526898561241088,TodayMedanInfo,2,0,0,0,Original,
133,1989094045403238709,2025-11-13 22:12:30+00:00,"Etanol bukan sekadar energi bersih, tapi juga sumber rezeki! Petani kini bisa raup hingga Rp80 juta per hektare! 
#berita #ethanol #darirakyatuntukenergi #bioetanol #petani https://t.co/AvcXuXStsA",1941459247214305280,HotnewsSemarang,1,0,0,0,Original,
134,1989087881072423085,2025-11-13 21:48:00+00:00,Pemerintah Telah Siapkan 920 Ribu Ha Lahan Bioetanol - Sektor Riil https://t.co/J63N3WJ9YU,2728984603,DodiJusra,1160,0,0,0,Original,
135,1989059220537561444,2025-11-13 19:54:07+00:00,"@KangManto123 BioEtanol.
Heran sama warga konoha, sok-sokan demo ada etanol di pertlite malah sekarang ngejar yg bener-bener etanol ğŸ«£",1538272718323232768,bakso_kanji,11,0,0,0,replied_to,1.988609122829476e+18
136,1989048368732246432,2025-11-13 19:11:00+00:00,@sbyfess Lek nemu pertamax green coba iku ae nder,91736670,RizkyEby,778,0,0,0,replied_to,1.9890481295392077e+18
137,1989041244505534488,2025-11-13 18:42:41+00:00,"@ImanradyE @RBSShelby @KangManto123 Boleh sih, tapi yakin mau ngasih minum motornya bioetanol? Paling lama lama keropos fuel line nya ğŸ¤£",1082919742074044416,raywirawan_,77,0,0,0,replied_to,1.9889669084572636e+18
138,1989012306563592243,2025-11-13 16:47:42+00:00,"Yang ditunggu soal Bobibos akhirnya angkat bicara. Uniknya Pertamina nggak banyak koar, langsung buka pintu kolaborasi. Konsepnya juga sama Bobibos Bioetanol 100%, Pertamina mau bikin E10, bagus buat lingkungan. Jadi siapa yang sebenrnya anti energi hijau? https://t.co/OdYSrpZVLE",1626193561724256256,Jeprijuragan,147,0,0,0,Original,
139,1988989362705699321,2025-11-13 15:16:32+00:00,"Dari ladang petani lahir energi masa depan. Etanol hadir bukan cuma untuk lingkungan, tapi juga untuk kesejahteraan rakyat.
#berita #ethanol #darirakyatuntukenergi #bioetanol #petani https://t.co/PohIEqhZBo",1862537850874732547,subanginfoo,29,1,0,0,Original,
140,1988989208007246197,2025-11-13 15:15:55+00:00,"Harga tebu dan singkong naik, pendapatan petani pun ikut terdongkrak berkat kebijakan etanol di BBM.
#berita #ethanol #darirakyatuntukenergi #bioetanol #petani https://t.co/fAT9Pp14uy",1862532983301054467,infonyacirebon,16,0,0,0,Original,
141,1988989059730124991,2025-11-13 15:15:20+00:00,"Pemerintah siapkan 500 ribu hektare lahan tebu baru untuk produksi etanol. Petani siap panen cuan dari energi hijau!
#berita #ethanol #darirakyatuntukenergi #bioetanol #petani https://t.co/nLhoW2xN2Q",1862528432758038529,infotasikmalay4,11,0,0,0,Original,
142,1988988883175109059,2025-11-13 15:14:38+00:00,"Petani makin sejahtera! Dengan kebijakan campuran etanol 10% di BBM, permintaan singkong dan tebu meningkat pesat.
#berita #ethanol #darirakyatuntukenergi #bioetanol #petani https://t.co/8HosW3hsbx",1862554880814325760,beritabanjarr,8,0,0,0,Original,
143,1988988758222598340,2025-11-13 15:14:08+00:00,"Etanol bukan cuma energi bersih, tapi juga energi yang menyejahterakan. Petani bisa raup hingga Rp80 juta per hektare!
#berita #ethanol #darirakyatuntukenergi #bioetanol #petani https://t.co/0pQ6ZT4i0s",1862535952469807104,depokinfoo,20,0,0,0,Original,
144,1988978064433561933,2025-11-13 14:31:38+00:00,"Ghes infokan kalo amit2 motor turun mesin karena gegara bensin etanol berapaan ya? Mo nyiapin duit buat kebengkel. 

Ni motor dah beneran gabisa dipake buat jalan anjer. Vario 150",1794249687639412736,Arihaitham,500,0,0,3,Original,
145,1988968015816171548,2025-11-13 13:51:42+00:00,"oyi , info dong SPBU yang ada Pertamax green d malkot dimana aja yaa thx",1159400358482833408,ngalamfess,159597,1,1,6,Original,
146,1988961602834690137,2025-11-13 13:26:13+00:00,"Petani bisa Raup hingga Rp. 80 juta per hektar, semua dapat terjadi apabila etanol telah ditetapkan menjadi campuran bahan bakar

#berita #ethanol #darirakyatuntukenergi #bioetanol #petani https://t.co/ghI8XflC0g",3103258093,beritanasi0nal,2,0,0,0,Original,
147,1988942103511175216,2025-11-13 12:08:44+00:00,"Lihat komennya yang ngaku orang pintar tapi sama tolol ama b**li*, elot protes dengan bbm berbahan campur ethanol 10% tapi ada bbm yang berbahan ethanol 100% malah didukung, bahan bakar dari tanaman itu biasanya menghasilkan bioetanol, gini aja gak paham LOL. https://t.co/GDNvTX4rPq",544442234,Ronjuror,569,1,0,0,quoted,1.988609122829476e+18
148,1988925390937813053,2025-11-13 11:02:20+00:00,Pertamax Green 95 Dinilai Jadi Capaian Strategis Pertamina https://t.co/2iSugFbKfU,1216815734233264128,IDNTimesSumut,343,0,0,0,Original,
149,1988912855920554172,2025-11-13 10:12:31+00:00,"@BondetB48197 @HERIKUSNANDAR20 @txtdrimedia Terima kasih atas bantuannya! Benar, bahan baku utama Bobibos memang jerami padi yang melimpah di Indonesia, diolah jadi bioetanol ramah lingkunganâ€”inovasi cerdas untuk kurangi limbah pertanian dan emisi karbon. Kalau ada detail lebih lanjut dari owner, share yuk!",1720665183188922368,grok,6630174,0,0,1,replied_to,1.9889127205953372e+18
150,1988895372773847368,2025-11-13 09:03:03+00:00,Ekonom senior: Kerja sama Pertaminaâ€“Toyota soal bioetanol langkah cerdas #ekonom #kerjasama #pertamina-toyota #bioetanol #langkahcerdas https://t.co/OL5JlnCsWT,1482999200988434435,webelshinta,44,0,0,0,Original,
151,1988893546582032566,2025-11-13 08:55:48+00:00,"Lokasi yang strategis membuat Toyota dan Pertamina NRE pilih Lampung jadi tempat produksi bioetanol. Nilai investasi tembus Rp 2,5 Triliun. https://t.co/ups97F9sEb",1981595768944488448,Media_Balarea,0,0,0,0,Original,
152,1988887932350906716,2025-11-13 08:33:29+00:00,"Siap Bangun Mobil Masa Depan, Toyota Mau Produksi Bioetanol Bareng Pertamina di Lampung 

https://t.co/QtxL5VMHiz",350668803,indozonemedia,1562458,0,0,0,Original,
153,1988858724522324367,2025-11-13 06:37:25+00:00,"@bettahalfmoon09 @txtdrimedia Biaya produksi bioetanol dr jerami (Bobibos) saat ini msh sangat mahal, berkisarRp 12 rb - Rp 20 rb/ltr
By ini bengkak bkn krn fermentasi/distilasinya, tapi krn 2 langkah awal yg sgt mahal&amp;rumit: ""Pre-treatment"" (utk bongkar jerami) &amp;Hidrolisis Enzimatik(utk ubah serat jd gula).",1868417352452485120,NBawono2024,0,0,0,0,replied_to,1.9881513726180849e+18
154,1988855351626661956,2025-11-13 06:24:01+00:00,"@DinnurP @txtdrimedia Nggak perlu dijegal pemerintah sih dijegal konsumennya dulu mungkin iya krn mesin kendaraan yg diisi bioetanol murni akan cepat  rusak Krn tjd korosi, kemarin SJ Bahlil bilang mau buat Biofuel 10% sdh pd ribut  apalagi ini 100% biofuel apa nggak bahaya buat mesin tuh",1868417352452485120,NBawono2024,0,0,0,0,replied_to,1.9881503953788032e+18
155,1988849529555472747,2025-11-13 06:00:53+00:00,"@wkurniawan609 @Bambangmulyonoo Bahan bakar nabati (biofuel) seperti bioetanol terbuat dari tanaman seperti tebu, jagung, singkong, atau jerami melalui fermentasi atau proses kimia.

Efek pada kendaraan: RON tinggi (bisa 108-120) tingkatkan performa mesin, kurangi emisi, tapi campuran tinggi bisa korosi",1720665183188922368,grok,6630174,0,0,0,replied_to,1.9888492997073477e+18
156,1988844953955394036,2025-11-13 05:42:42+00:00,"â€œIndonesia Belum Siap? Ini Alasan Bensin Etanol Jadi Kontroversi!â€
""https://t.co/VVTlkwNn8v"" 
Notice @KementerianESDM https://t.co/gtmHwGr5w3",1884908832595521536,baktimapan,22,0,0,0,Original,
157,1988813847147532625,2025-11-13 03:39:06+00:00,hari pertama menggunakan pertamax green,1384071742503604231,yappingaccount,13,0,0,0,Original,
158,1988781770679124013,2025-11-13 01:31:38+00:00,"@yunesafess sementara beli pertamax ato ga pertamax green aja nder, pertalite takutnya sek resiko",3042841801,simplificity,37,0,0,0,replied_to,1.9885407794473495e+18
159,1988772490538266764,2025-11-13 00:54:46+00:00,"@ArmaZulfikar @VIRGO1409271346 Ya, benar. Bahan bakar dari tumbuhan seperti bioetanol bersifat higroskopis, artinya mudah menyerap uap air dari udara. Ini bisa memengaruhi kualitas jika tidak disimpan dengan benar, jadi pengujian dan pemurnian penting untuk memastikan kestabilan. Ide bagus untuk diuji lebih",1720665183188922368,grok,6630174,0,0,0,replied_to,1.988772257251079e+18
160,1988771596241367215,2025-11-13 00:51:12+00:00,"Menteri ATR/BPN, Nusron Wahid, mengatakan bahwa pemerintah telah menyiapkan hampir satu juta hektare lahan sebagai lokasi penanaman bahan baku bioetanol. Hal itu dilakukan untuk mendukung target mandatori bensin dengan bioetanol 10% atau E10 pada tahun 2027.

#LahanBioetanol https://t.co/oDKvWnc1ua",1740205989998313472,Olenka_News,59,0,0,0,Original,
161,1988771332314853678,2025-11-13 00:50:09+00:00,"@ArmaZulfikar @Giiselje Ya, betul. Inti BBM adalah bahan mudah terbakar untuk energi mesin. Bahan dari tumbuhan seperti bioetanol (misalnya dari jerami seperti Bobibos) memungkinkan, tapi proses pemurniannya memang butuh waktu, energi, dan teknologi untuk hasil optimal. Uji coba minimal 8 bulan",1720665183188922368,grok,6630174,0,0,0,replied_to,1.988771125514629e+18
162,1988745054069092455,2025-11-12 23:05:44+00:00,@tempodotco Bisa buat 10 pabrik bioetanol https://t.co/05QAcIzKJX,912692135446536192,Mas_zobirin,852,2,0,1,replied_to,1.98860771606388e+18
163,1988604081385136353,2025-11-12 13:45:34+00:00,"BENSIN ETANOL MERUSAK MESIN

Sebuah Mercy 1982 bertahan 42 th d Inggris...bensin India menghancurkannya dlm 5 hari

Ganti pompa bensinâœ…
Ganti injektorâœ…
Ganti semua yg bs digantiâœ…
Ternyata gara2 bensinâŒ

Campuran ETANOL membunuh mesin yg sebelumnya berjalan lancar selama 42 th https://t.co/dO4rFOZ1mk",1484423320632438789,SelebtwitMobil,36164,700,227,28,quoted,1.987363303186678e+18
164,1988573762971906236,2025-11-12 11:45:05+00:00,"@Joeardnan99 Berikut urutan proses singkat pembuatan etanol dari jerami (bioetanol selulosa):

1. **Pretreatment**: Jerami diolah untuk memecah lignoselulosa (misalnya dengan asam atau enzim).
2. **Hidrolisis**: Selulosa diubah menjadi gula sederhana seperti glukosa menggunakan enzim atau",1720665183188922368,grok,6630174,1,1,0,replied_to,1.988573622127186e+18
165,1988573375334395979,2025-11-12 11:43:33+00:00,"@Joeardnan99 Ya, jerami bisa diproses menjadi etanol melalui proses hidrolisis selulosa menjadi glukosa, lalu difermentasi. Ini disebut bioetanol selulosa, sering dari jerami padi. Teknologi ini sudah dikembangkan di Indonesia, seperti dalam proyek Bobibos atau inovasi parfum berbasis",1720665183188922368,grok,6630174,0,0,1,replied_to,1.988573214273094e+18
166,1988557398760693885,2025-11-12 10:40:04+00:00,"Pemerintah Siapkan Lampung Jadi Kawasan Industri Bioetanol, Toyota Siap Invest! https://t.co/3Sl09Larjf",1065581823902703617,marawa_talk,3786,0,0,0,Original,
167,1988557141687595172,2025-11-12 10:39:02+00:00,"Produksi Bioenergi Picu Masalah Sosial-Ekologis Baru

Ekspansi bioetanol di Brasil yang diklaim sebagai bagian dari transisi menuju energi bersih justru memicu deforestasi di hutan Amazon dan menurunkan kualitas hidup warga sekitar.

Walau emisi dari produksi tebu sebagai bahan",1249605994411245568,CerahID,6209,0,0,1,replied_to,1.9885571367215928e+18
168,1988548177293889795,2025-11-12 10:03:25+00:00,"Kementerian ESDM menargetkan penerapan bahan bakar campuran etanol 10 persen (E10) bisa dimulai pada 2028 atau lebih cepat.

Baca Selengkapnya ğŸ‘‡ğŸ»
https://t.co/urFcUzrOgs 

~NA #BioetanolE10 #ESDM #BBM https://t.co/JEcUFwJxSa",23343960,kompascom,8516119,4,0,0,Original,
169,1988547279716745715,2025-11-12 09:59:51+00:00,"Kementerian ESDM menargetkan penerapan bahan bakar campuran etanol 10 persen (E10) bisa dimulai pada 2028 atau lebih cepat.

Baca Selengkapnya ğŸ‘‡ğŸ»
https://t.co/MG7lLXgkaV 

~NA #BioetanolE10 #ESDM #BBM https://t.co/L6SjIBP7mF",3042677100,KompasOtomotif,34995,0,0,0,Original,
170,1988537041135468917,2025-11-12 09:19:10+00:00,"Pemerintah Siapkan Lampung Jadi Kawasan Industri Bioetanol
https://t.co/g6JY36IAcb",847372542830444544,cnbcindonesia,212725,0,0,0,Original,
171,1988531210055000371,2025-11-12 08:56:00+00:00,"Program E10 mandatori ditargetkan 2027, namun Apsendo mengungkapkan enam tantangan. Apa saja? https://t.co/OO135Q84Fj",135795460,detikfinance,612515,0,1,0,Original,
172,1988531026734584062,2025-11-12 08:55:16+00:00,Harga bahan bakar nabati yang masih berfluktuasi dan belum adanya skema insentif jangka panjang membuat investasi di sektor bioetanol belum menarik https://t.co/yfUqZwbhpI,3042677100,KompasOtomotif,34995,0,0,0,Original,
173,1988526969529442349,2025-11-12 08:39:09+00:00,"Nah @TOYOTA raksasa industri automotive Jepang masuk dengan investasi Rp. 2,5T bangun pabrik bioetanol di Lampung. https://t.co/odotZIGHTd",1102519704,wakekefriend,245,0,0,0,replied_to,1.9855423089144796e+18
174,1988505410651959615,2025-11-12 07:13:29+00:00,"Gandeng Pertamina, Toyota Bakal Bangun Pabrik Bioetanol di Lampung https://t.co/JHhDgC8UjM",80543284,detikoto,146096,0,0,0,Original,
175,1988497346699948240,2025-11-12 06:41:26+00:00,"Ada Program BBM Campur Etanol 10%, Pengusaha Bioetanol Curhat ke DPR
https://t.co/6vu7QcXJoo",847372542830444544,cnbcindonesia,212725,1,0,0,Original,
176,1988493513173205327,2025-11-12 06:26:12+00:00,"Extraordinary Class Energi Terbarukan di Peran Saka Nasional 2025 pecah!ğŸ”¥

Ratusan Peserta Peran Saka se-Indonesia belajar langsung potensi #Biodiesel #Bioetanol #Bioavtur

Masa depan energi hijau di tangan generasi mudağŸ“·

Tonton dokumentasi lengkapnya di sini!ğŸ“·

#APROBI https://t.co/05kdIRVuD7",1352882201168240640,aprobi_id,335,0,0,0,Original,
177,1988483337305157810,2025-11-12 05:45:46+00:00,"Melalui inisiatif ini, Indonesia diproyeksikan menjadi basis produksi bioetanol di kawasan Asia, dengan potensi memperluas pasar ekspor di masa mendatang. Toyota menilai pengembangan bioetanol di Indonesia sangat strategis karena didukung potensi agrikultur dan sumber daya",39677695,GNFI,1620481,8,0,0,replied_to,1.988483039937393e+18
178,1988483039937392805,2025-11-12 05:44:35+00:00,"Toyota Motor Corp. berencana menanamkan investasi senilai Rp2,5 triliun untuk mengembangkan ekosistem bioetanol di Indonesia. Langkah ini sejalan dengan kebijakan pemerintah yang akan menerapkan mandatori bahan bakar campuran etanol 10% (E10) pada 2027. Proyek tersebut",39677695,GNFI,1620481,14,1,2,replied_to,1.988444974569108e+18
179,1988476258536349871,2025-11-12 05:17:38+00:00,"2 hari lalu pertamax green habis 
Gila banget belum dikirim pasokan BBM pertamax green
@pertamina https://t.co/aACTRept8j",1803943375923814400,babaslahama3101,1,0,0,1,Original,
180,1988464743166996827,2025-11-12 04:31:53+00:00,"Bioetanol kini hadir sebagai bahan bakar ramah lingkungan membawa kita selangkah lebih dekat pada Indonesia mandiri energi, bersih, dan berkelanjutan.

Lalu, seperti apa sih perkembangan bioetanol saat ini. Yuk cek lengkapnya!

#EnergiUntukRakyat
#SwasembadaEnergi
#Hilirisasi https://t.co/k7SHlmHO5x",1138467176,KementerianESDM,312173,0,0,5,replied_to,1.98846473110834e+18
181,1988464731108339970,2025-11-12 04:31:50+00:00,"BIOETANOL

Halo #SobatEnergi,

Siapa bilang bensin cuma datang dari eksplorasi fosil? Karena sekarang energi pun bisa tumbuh dari ladang sendiri. https://t.co/WFjhbyU391",1138467176,KementerianESDM,312173,3,1,6,Original,
182,1988450679237513638,2025-11-12 03:36:00+00:00,Pertamina kaji keberhasilan Brasil dalam produksi bioetanol https://t.co/NtargiJ48P https://t.co/H8v50Rl7yh,1006054070077964289,elshinta_tegal,544,0,0,0,Original,
183,1988394178355798197,2025-11-11 23:51:29+00:00,"@RagaSukma_1 @HarsonoHar48304 @ZakyFuad689604 @txtdrimedia Berdasarkan penelitian, biaya produksi bioetanol dari jerami padi berkisar Rp 5.000-15.000 per liter (sekitar $0.3-1 USD), tergantung teknologi, skala, dan lokasi. Untuk keekonomian, sering butuh subsidi agar kompetitif dengan bensin (Rp 10.000+/L). Klaim murah perlu verifikasi",1720665183188922368,grok,6630174,0,0,1,replied_to,1.9883939104446676e+18
184,1988388501638058326,2025-11-11 23:28:55+00:00,"@RagaSukma_1 @HarsonoHar48304 @ZakyFuad689604 @txtdrimedia Berdasarkan penelitian, hasil maksimal bioetanol dari jerami padi pernah capai ~300-400 L/ton (misalnya dengan pretreatment popping, ~374 L/ton setelah konversi). Jadi untuk 10 ton, hingga 3000-4000 L. Untuk bio-oil via pirolisis, maks ~43% yield (~358 L/ton), jadi ~3580 L. Tapi",1720665183188922368,grok,6630174,0,0,1,replied_to,1.9883875389151808e+18
185,1988386691296751966,2025-11-11 23:21:44+00:00,"@RagaSukma_1 @HarsonoHar48304 @ZakyFuad689604 @txtdrimedia Jerami bisa diubah menjadi biofuel seperti bioetanol atau bio-oil melalui proses fermentasi, hidrolisis, atau pirolisis. Hasil tipikal: 5-10 ton jerami/ha bisa hasilkan 1000-3000L, tergantung teknologi. Tapi klaim spesifik 3000L bobibos oktan &gt;98 murah terdengar optimis &amp; perlu",1720665183188922368,grok,6630174,0,0,1,replied_to,1.9883856639313472e+18
186,1988381810766881082,2025-11-11 23:02:20+00:00,"Toyota Bakal Bangun Pabrik Bioetanol di Lampung, Nilai Investasi Rp 2,5 Triliun https://t.co/NSXtidxJwf",2728984603,DodiJusra,1160,0,0,0,Original,
187,1988293456331239578,2025-11-11 17:11:15+00:00,"@abu_waras Tapi jangan bilang sy gk setuju dengan bioetanol.. Baguslah klu mmg bs diproduksi dan mobil yg menggunakan bs cocok dgn bioetanol.. Karena lebih ramah lingkungan.. 
Cm jangan salah info.. Karena masih banyak mobil yg umurnya lebih 20 thn bertebaran di Indonesia..",1832483193544704000,ril_saja26838,14,1,0,0,replied_to,1.988001338706588e+18
188,1988289925821985020,2025-11-11 16:57:13+00:00,@eniieniiw @txtdrimedia Apanya yg fomo pea itu dibaca melek oon.. sy tulis klo sm2 ethanol /bioethanol tp dgn kualitas lebih baik dan murah why not??  bahan baku dan proses pembuatan mempengaruhi kualitas bioetanol yg dihasilkan.  Sedang yg pertamina punya mlh turun performa klo turun y bkn inovasi blok,1102295879975755776,DanielSagi1,73,1,0,1,replied_to,1.988249009622745e+18
189,1988256962069623296,2025-11-11 14:46:14+00:00,@devilbreak Bensin etanol bang,1540134762987540480,_Iuhtfl,365,0,0,0,replied_to,1.988065749148283e+18
190,1988256118280249483,2025-11-11 14:42:53+00:00,"Hijaukan Hulu Brantas Bersama Pertamax Green ğŸŒ±

Komitmen Pertamina Patra Niaga dalam mendukung energi bersih kini menjalar hingga ke akar bumi.
Melalui program A Thousand Trees for Brantas, setiap pembelian 10 liter Pertamax Green berarti ikut menanam 1 hingga 2 pohon https://t.co/XIjAGjLex1",46693036,inilahdotcom,349957,1,0,0,Original,
191,1988255529437696258,2025-11-11 14:40:32+00:00,"Guys! Hati hati dengan konten kaya gini, simak sampai akhir sebenernya Bobibos itu bioetanol lohhhh

#berita #bobibos #bensin #ethanol https://t.co/pQ1mM8AoE1",3073379058,faktabontang,0,0,0,0,Original,
192,1988254362901303374,2025-11-11 14:35:54+00:00,"Hati hati dengan konten kaya gini, simak sampai akhir sebenernya Bobibos itu bioetanol loh

#berita #bobibos #bensin #ethanol https://t.co/xaNtxotT6M",1896414945526652928,pontianakbrta,4,0,0,0,Original,
193,1988254322707366382,2025-11-11 14:35:45+00:00,"Hati hati dengan konten kaya gini, simak sampai akhir sebenernya Bobibos itu bioetanol loh

#berita #bobibos #bensin #ethanol https://t.co/u4h7hzdVkQ",1896415717014274048,infbrtsamarinda,4,0,0,0,Original,
194,1988238908652745051,2025-11-11 13:34:30+00:00,"@dodok_jr @LaksonoTibo @FulakuSimawa @txtdrimedia Info resmi Bobibos masih minim. Estimasi umum: biofuel dari jarak/kemiri biaya produksi ~Rp6-7rb/liter, bisa turun dengan skala besar atau subsidi. Untuk ubi kayu, butuh ~6-7 kg/liter bioetanol; harga ubi mentah ~Rp1-2rb/kg, jadi bahan baku ~Rp6-14rb/liter + biaya proses",1720665183188922368,grok,6630174,0,0,1,replied_to,1.9882337352639936e+18
195,1988233067656605840,2025-11-11 13:11:17+00:00,"@jing_haoo @sbyfess Iya, Pertamax Green emang Pertamax yang dicampur 5% bioetanol (E5), bikin RON-nya naik jadi 95. Lebih ramah lingkungan dan performa lebih baik buat mesin modern. Cek spesifikasi motor lu ya! ğŸš€",1720665183188922368,grok,6630174,0,0,0,replied_to,1.9882280102697e+18
196,1988228010269700128,2025-11-11 12:51:11+00:00,"@sbyfess pertamax green adalaha pertamax dengan tambahan etanol 5%, iya ga @grok  ?",1631473016713658370,jing_haoo,561,0,0,1,replied_to,1.988220191629554e+18
197,1988220191629553813,2025-11-11 12:20:07+00:00,Hai -rek motorku beat cbs anyar awal 2024 iku isok nggawe pertamax green ta? Apa pertamax biasa?,1152437175587241985,sbyfess,669661,3,0,3,Original,
198,1988215403425001478,2025-11-11 12:01:06+00:00,@sbyfess infonya ada di web pertamina nder https://t.co/WoVi8M5pgB,814749681293017088,cnehlebom,609,0,0,0,replied_to,1.9882076095606213e+18
199,1988214187563380795,2025-11-11 11:56:16+00:00,"Pemerintah targetkan mandatori 2027, dorong kemandirian energi dan kurangi impor bensin.

Baca lebih lanjut melalui link ini :

https://t.co/6HtSfIzSaF https://t.co/u6MAyydjMo",1207349053970739202,infoenergi_id,17905,0,0,0,replied_to,1.988214094705648e+18
200,1988214161604825323,2025-11-11 11:56:10+00:00,"Toyota Bangun Ekosistem Bioetanol di Indonesia, Lampung Disiapkan Jadi Pioneer Project https://t.co/qbAufefAwh",1290312695728582656,RealitaLampung,115,0,0,0,Original,
201,1988208863959457890,2025-11-11 11:35:06+00:00,guysg Sidoarjo &amp; Surabaya yang ada Pertamax green dimana aja? ğŸ’š,1371650588,tanyarlfes,4618606,3,0,3,Original,
202,1988208581024665827,2025-11-11 11:33:59+00:00,@sbyfess Spbu kode awal 51 ada pertamax green kalau aku lihat,47098979,tataeeek,217,0,0,0,replied_to,1.9882076095606213e+18
203,1988207609560621343,2025-11-11 11:30:07+00:00,-rek Sidoarjo &amp; Surabaya yang ada Pertamax green dimana aja?,1152437175587241985,sbyfess,669664,3,0,21,Original,
204,1988206527686340781,2025-11-11 11:25:49+00:00,@Giiselje bensin etanol diuji dulu sampe 8 bln ga?,1873420567501836288,Airakaylea,0,0,0,0,replied_to,1.9880881850424448e+18
205,1988172135852871902,2025-11-11 09:09:10+00:00,Pertamina Patra Niaga tanam 1.000 pohon di Hulu Brantas lewat program Pertamax Green. Aksi ini transisi energi dan pelestarian lingkungan. https://t.co/Te8b18kh7f,1404018642,radarmadiunweb,1852,0,0,0,Original,
206,1988168949008105777,2025-11-11 08:56:30+00:00,"Pertamina Persero tanggapi kabar kerjasama anak usahanya, Pertamina New and Renewable Energy, NRE, dengan Toyota Motor Corporation kembangkan proyek bioetanol di Lampung. Dirut Pertamina Simon Aloysius Mantiri ungkapkan, rencana masih tahap penjajakan dan masih dalam kajian",145121986,pasfm,67331,1,0,0,Original,
207,1988154729072132155,2025-11-11 08:00:00+00:00,"Mantap!!! Toyota dan Pertamina ingin bangun pabrik Bioetanol senilai 2,5 triliun di Lampung.
#Pertamina #Toyota #KerjaSama #Pabrik #Bioetanol https://t.co/njBgB0uVOj",1817863443774668801,PortalEnergi,8,0,0,0,Original,
208,1988146584606175333,2025-11-11 07:27:38+00:00,Pemerintah mendukung Toyota menjadikan Indonesia basis produksi bioetanol global untuk mendukung transisi energi dan transportasi. https://t.co/pz2MW3mzPx,1545636853214507008,trenmediaweb,17,0,5,0,Original,
209,1988120025681850487,2025-11-11 05:42:06+00:00,"Surprisingly, pakai Pertamax Green 95 kemarin-kemarin enak aja sih. Tapi kalo 92 emang brengsek sih diputaran rendah tuh kadang brebet. Tapi kalo dapat barang bagus engga brebet ilang sulit lah trust issue pokoknya sama si merah.",433125406,anggiutomo,100,0,0,0,replied_to,1.9880880345718088e+18
210,1988094781801783378,2025-11-11 04:01:47+00:00,"Toyota bakal Gandeng Pertamina Bangun Pabrik BBM Bioetanol di Lampung, Bahan Baku Singkong, Tebu hingga Sawit -

Baca di: https://t.co/SY6WvyXY7q",1883806250158395392,WaktuLampung_PR,6,0,0,0,Original,
211,1988091164571177247,2025-11-11 03:47:25+00:00,"Toyota Siapkan Investasi 2,5 Triliun Kembangkan Industri Bioetanol di Lampung https://t.co/Rnm8YnrpMh",1899496290775711744,sinar_lampung,9,0,0,0,Original,
212,1988076311638950001,2025-11-11 02:48:24+00:00,"@infocuan24 @kumparan Biaya produksi bioetanol murni di Indonesia sekitar Rp14.000-16.000 per liter berdasarkan HIP terkini, dengan tambahan distribusi ke SPBU yang memerlukan adaptasi infrastruktur (seperti tangki anti-korosi) sehingga total E10 bisa tambah Rp1.500-1.600 per liter BBM. Subsidi",1720665183188922368,grok,6630252,0,0,1,replied_to,1.9880761852225377e+18
213,1988069547564552610,2025-11-11 02:21:31+00:00,@jajatplus @sharpandshark Ujung ujungnya bioetanol.,1552131731578245120,Pret2310,23,1,0,0,replied_to,1.9880548500060408e+18
214,1988060130697732441,2025-11-11 01:44:06+00:00,"Toyota Lirik Proyek Industri Bioetanol di Lampung, Investasi Capai Rp2,5 Triliun -

Berita lengkap baca di: https://t.co/PhTtL8ZP9K",1883806250158395392,WaktuLampung_PR,6,0,0,0,Original,
215,1988058320704598143,2025-11-11 01:36:54+00:00,@yunesafess Itu kalau unesa ketintang mending ngisi pertamax green aja min tapi minusnya bensin yang ada pertamax green nya yang ada 51 nya,1280848516877672449,AEROH4N,7,0,0,1,replied_to,1.988042118359577e+18
216,1988016041285599692,2025-11-10 22:48:54+00:00,"@infocuan24 @kumparan Kebijakan mandatori E10 di Indonesia bertujuan mengurangi ketergantungan impor BBM fosil, mendukung energi terbarukan dari bioetanol (seperti tebu atau singkong lokal), serta menekan emisi karbon. Pemerintah targetkan implementasi bertahap untuk transisi aman, dengan standar",1720665183188922368,grok,6630252,0,0,1,replied_to,1.988015946515313e+18
217,1988008311460163700,2025-11-10 22:18:11+00:00,Video: Toyota Investasi Bioetanol di Indonesia https://t.co/piWI6eKnG0,847372542830444544,cnbcindonesia,212725,0,1,0,Original,
218,1988003212906184888,2025-11-10 21:57:55+00:00,Pertamina NRE dan Toyota Siap Sinergi Kembangkan Industri Bioetanol https://t.co/xs4xgV4Kba,305657272,ilhamiasnawi,1319,0,0,0,Original,
219,1988002816686968949,2025-11-10 21:56:21+00:00,Pertamina Bakal Kembangkan Bioetanol dari Aren https://t.co/Z9PIeZKDPK,305657272,ilhamiasnawi,1319,0,0,0,Original,
220,1988001505287565429,2025-11-10 21:51:08+00:00,Pertamina ungkap rencana kembangkan bioetanol dari gula aren https://t.co/YJX6RM9yuG,305657272,ilhamiasnawi,1319,0,0,0,Original,
221,1987998955612070053,2025-11-10 21:41:00+00:00,Pemerintah Dukung Toyota Jadikan RI Sebagai Basis Bioetanol https://t.co/xdRWRkdoLl,305657272,ilhamiasnawi,1319,0,0,0,Original,
222,1987997373533180078,2025-11-10 21:34:43+00:00,"Toyota Incar Proyek Bioetanol di Lampung: Rp2,5 T Buat 60.000 Kl https://t.co/Bma0xVNtLg",305657272,ilhamiasnawi,1319,0,0,0,Original,
223,1987930552000016526,2025-11-10 17:09:12+00:00,"Anying td motor gua di isi pertamax green, fak bahlil https://t.co/WGxcwMUR5O",2745049042,notuniform,416,0,0,0,Original,
224,1987923723027181710,2025-11-10 16:42:04+00:00,"Toyota Lirik Proyek Industri Bioetanol di Lampung Investasi Capai Rp2,5 Triliun -
Baca di: https://t.co/PhTtL8ZP9K",1883806250158395392,WaktuLampung_PR,6,0,0,0,Original,
225,1987903270464156053,2025-11-10 15:20:47+00:00,"@miiayamaddict Amannya kalo pertamina beli pertamax green, itu kalo buat motor masih aman dan nggak harus cc gede kayak pertamax turbo. Kalo mau lebih aman lagii beli BP wkwkwkwk ğŸ˜‚",85077729,farchanamsyari,436,0,0,0,replied_to,1.987784142520734e+18
226,1987894804899074547,2025-11-10 14:47:09+00:00,"@abu_waras U bioetanol, mesin yg digunakan wajib sesuai dgn spesifikasi bioetanol itu sendri.. Mesin yg skrg klu menggunakan bioetanol dipastikan akan  berkerak dan berkarat.. 
Solusinya mesti beli mobil baru.. 
Toyota : LARIS LAGI MOBIL GUE ğŸ¤£",1832483193544704000,ril_saja26838,14,6,0,2,replied_to,1.9878725589901768e+18
227,1987873350899884079,2025-11-10 13:21:54+00:00,"Dengan target produksi 60.000 KL/tahun, proyek ini merupakan langkah signifikan menuju energi terbarukan dan ekonomi hijau. Bioetanol E10 bukan cuman sekadar energi bersih, tapi juga revolusi ekonomi akar rumput yang dapat menggeser ekonomi oligarki ke tangan para petani.

Dengan https://t.co/BL1bVVxxw1",2905814730,abu_waras,313743,31,8,4,replied_to,1.9878725589901768e+18
228,1987872558990176687,2025-11-10 13:18:45+00:00,"Pertamina Gandeng Toyota Produksi 60.000 KL Bioetanol, Aktor Utama Energi Bergeser ke Petani?

Jadi gini, ada perkembangan terbaru untuk persiapan menyambut energi terbarukan, yang ternyata Pertamina NRE di Lampung bareng Toyota siap meluncurkan proyek bioetanol E10 yang bisa https://t.co/zkOCLYEgKC",2905814730,abu_waras,313743,119,28,11,Original,
229,1987866250182345049,2025-11-10 12:53:41+00:00,"Langkah nyata Menteri ESDM Bahlil Lahadalia: menekan impor BBM, memperkuat kolaborasi sektor publik-swasta, dan mendorong energi bersih berbasis bioetanol.

#berita #menteriesdm #darirakyatuntukenergi #bahlilllahadalia #esdmfu https://t.co/2RaboW4DW1",1941304349969481734,semaranginsight,2,0,0,0,Original,
230,1987859115386044526,2025-11-10 12:25:20+00:00,"Sumber: detikFinance
 https://t.co/KbqttBkeXO ğŸ¤”ğŸ¤”ğŸ¤”",1209644431,dwyt_farm,6027,0,0,0,Original,
231,1987857811846602906,2025-11-10 12:20:09+00:00,"Menteri ESDM Bahlil Lahadalia menekankan pentingnya efisiensi impor BBM dan pengembangan energi domestik seperti bioetanol untuk wujudkan kemandirian energi nasional.

#berita #menteriesdm #darirakyatuntukenergi #bahlilllahadalia #esdmfu https://t.co/Cbb3BNaQBO",1942229275182301185,Jawa_insight,0,0,0,0,Original,
232,1987842047378612575,2025-11-10 11:17:31+00:00,Pertamina Akan Kembangkan Bioetanol Gula Aren untuk Energi Bersih https://t.co/5ptzdbH1Lc https://t.co/KwWRacIKKH,118371948,Harian_Jogja,182684,0,0,0,Original,
233,1987823726742937930,2025-11-10 10:04:43+00:00,"Toyota Siapkan Investasi Rp2,5 Triliun Bangun Pabrik Bioetanol di Lampung

https://t.co/17UyrjqnvC",849799685258657792,kupastuntasnew,1075,0,0,0,Original,
234,1987819421080199578,2025-11-10 09:47:36+00:00,"Di Merauke, negara mau buka 2,29 juta ha hutan (70x Jakarta) untuk sawah, tebu, &amp; bioetanol. Di dokumen namanya Proyek Strategis Nasional. 

Di lapangan? Pembantaian hutan &amp; rawa gambut. Bahasa halusnya: pembangunan. 

Bahasa jujurnya: perusakan yang dilegalkan. Wew https://t.co/VxSEbhNDOb",1692738108,fwindonesia,6195,2,2,1,replied_to,1.9878194163280243e+18
235,1987805162963099820,2025-11-10 08:50:57+00:00,"Toyota Motor Corporation akan menanamkan investasi senilai Rp2,5 triliun untuk membangun pabrik bioetanol di Lampung bersama Pertamina NRE. Proyek ini menjadi langkah awal pengembangan energi hijau berbasis biomassa non-pangan seperti limbah pertanian, tebu, singkong, dan sorgum. https://t.co/RRJMRWgfYK",1885555382514507776,Gtid_news,209,0,0,0,Original,
236,1987785760658149637,2025-11-10 07:33:51+00:00,"Senada Suzuki, Mitsubishi juga memastikan mobil bensin yang dipasarkan bisa menggunakan bioetanol dengan campuran hingga 10 persen.

https://t.co/u2z5Nl6HYQ",712012675,karim_muhamr,213,0,0,0,Original,
237,1987773325565718908,2025-11-10 06:44:26+00:00,Toyota Disebut Akan Investasi Bioetanol di Indonesia https://t.co/q0uyCMwusN https://t.co/J3YLINWCQo,118371948,Harian_Jogja,182684,0,0,0,Original,
238,1987768301615996980,2025-11-10 06:24:28+00:00,@KucengTerbanggg arti e berarti kita harus ngisi bensin etanol arti e ya etanol kalau kata Bahlil,1683727458091294721,lipeli989,3,0,0,0,replied_to,1.9876727587557704e+18
239,1987739996326076778,2025-11-10 04:32:00+00:00,Wamen Investasi: Toyota Lihat Peluang Kembangkan Bioetanol di RI https://t.co/r7OLUIfVwE,17128975,CNNIndonesia,4841825,1,3,0,Original,
240,1987734987739890117,2025-11-10 04:12:06+00:00,"Penerapan BBM bioetanol 10% (E10) tidak perlu dikhawatirkan oleh masyarakat. 

Informasi lebih lanjut kunjungi website kami :

https://t.co/5nwGJlWAJn

Ikuti Sosial media kami :

YT/X/TT: Jawaupdate
IG/FB: Jawaupdatecom

#jawaupdate https://t.co/SNEBgLZ8CQ",1901104964656918533,JawaUpdate,1,0,0,0,Original,
241,1987704745210089687,2025-11-10 02:11:55+00:00,Harga Indeks Pasar Bioetanol November 2025 Ditetapkan Rp 9.013 per Liter https://t.co/W7E6B30Sqg #beritasawit #Sawit #palmoil #infosawitcom #infosawit #Perusahaansawit #SahabatKebun #indonesia #HIP #Biodiesel #EBTKE #Energi #KESDM #bioetanol,219549319,infosawitcom,4912,1,0,0,Original,
242,1987661419614290357,2025-11-09 23:19:46+00:00,Guru Besar ITS Tanggapi Kebijakan BBM Campuran Bioetanol E10 -  https://t.co/7jvEomszlD https://t.co/mZ5BraWfSq,816345224037343232,superradioid,145,0,0,0,Original,
243,1987586076123484425,2025-11-09 18:20:22+00:00,"@kumparan Ketua Gabungan Industri Kendaraan Listrik Indonesia ( GAILINDO) meminta masyarakat tidak usah memakai BBM bioetanol 10 persen. Itu saja, sekian dan terima angpau.",714859188166402049,valerivaleri90,12,0,0,0,replied_to,1.987080766501925e+18
244,1987559175279526084,2025-11-09 16:33:29+00:00,temenku kasian bgt ditonyor org random grgr dikiranya gamau ikut antri pertamax pdhl temennku pakenya pertamax greenğŸ˜­,3244115277,zippsr,763,0,0,5,Original,
245,1987552441454546984,2025-11-09 16:06:43+00:00,day 1 pake pake pertamax green krna gwe anxious bengsing sisa 1 bar dan takut ga mutut buat ke bp,1964131636758618112,meeowed,40,0,0,1,Original,
246,1987530135004971466,2025-11-09 14:38:05+00:00,kenapa pertamax green kosong jg ya?????,622529107,anakcisurya,298,1,0,1,Original,
247,1987515441615602010,2025-11-09 13:39:42+00:00,"atau b4hlil ngehina bities, selesai itu permasalahan bensin etanol n oplosan https://t.co/lLnzUfeMEr",1240223633278005248,Artleita,2297,2,0,0,quoted,1.9866172149975864e+18
248,1987490008576786433,2025-11-09 11:58:38+00:00,"Wakil Menteri Investasi dan Hilirisasi/Wakil Kepala BKPM @todotua_p melaksanakan kunjungan kerja ke Jepang untuk memperkuat kolaborasi investasi di sektor energi hijau, bioetanol, dan industri otomotif berkelanjutan. https://t.co/bR6oZRX24G",106035510,bkpm,138025,1,0,2,Original,
249,1987489001507618819,2025-11-09 11:54:38+00:00,Ahli Ungkap Risiko Bahan Bakar Bioetanol pada Komponen Kendaraan https://t.co/gJbeMQwhMk,1918580164180774912,hambali700807,38,0,0,0,Original,
250,1987471761311674814,2025-11-09 10:46:07+00:00,@1Cokjarannn Pertamax green ae kak,1358763171222155271,lucubangetkak,299,0,0,1,replied_to,1.9874712680322455e+18
251,1987463899965448361,2025-11-09 10:14:53+00:00,"Proyek Deforestasi Terbesar di Dunia Terjadi di Indonesia: Hutan Papua dan Kalimantan Ditebang untuk Bioetanol, Gula, dan Pangan https://t.co/qYPjY8i6Z8 
@prabowo",1350787273,SumutNews_AI21,5794,0,0,0,Original,
252,1987463805568492023,2025-11-09 10:14:31+00:00,"Proyek Deforestasi Terbesar di Dunia Terjadi di Indonesia: Hutan Papua dan Kalimantan Ditebang untuk Bioetanol, Gula, dan Pangan https://t.co/rs9wJqWGl1",1602956893,DetakNasional,553,0,0,1,Original,
253,1987463703302996294,2025-11-09 10:14:06+00:00,"Proyek Deforestasi Terbesar di Dunia Terjadi di Indonesia: Hutan Papua dan Kalimantan Ditebang untuk Bioetanol, Gula, dan Pangan https://t.co/aAzqeT1xtN",1974809112883122176,RahmanKadsumut,1,0,0,0,Original,
254,1987425975697576040,2025-11-09 07:44:11+00:00,"asyarakat Adat Korban Kriminalisasi: Di Merauke, hutan adat Suku Yei dan Malind Anim jadi target proyek tebu &amp; bioetanol seluas 637.420 ha.
Parahnya, masyarakat Adat Yei marga Kwipalo yang membela tanahnya justru dikriminalisasi, sementara pelaku kejahatan lingkungan bebas!!",1268846251279187970,BentalaRakyat,1956,0,0,1,replied_to,1.987425599581819e+18
255,1987404776146149524,2025-11-09 06:19:57+00:00,"@RedKnights77_ @araafi_aprilia Bukan fomo sih kak tapi lebih cari aman, soalnya ini BP beli based fuel dari pertamina terus diracik BP sendiri, motorku sebelumnya kuisi Pertamax Green Ron 95 waktu bensin spbu swasta pada kosong kemarin, terus kuisi BP 92 Ron 92 dan tarikan motor beda banget rasanya",1969878677069701120,vicocinno,6,1,0,1,replied_to,1.9869582522158208e+18
256,1987385886435385502,2025-11-09 05:04:53+00:00,"@singosolo88 @kumparan Harga indeks pasar bioetanol di Indonesia untuk November 2025 adalah Rp 9.013 per liter, menurut Kementerian ESDM. Ini turun dari Oktober yang Rp 9.263/liter. Harga bisa bervariasi tergantung penggunaan (bahan bakar atau industri).",1720665183188922368,grok,6630252,0,0,0,replied_to,1.9873856279865677e+18
257,1987371132073484683,2025-11-09 04:06:16+00:00,"Bioetanol untuk BBM, Pakar ITS Beberkan Hasil Penelitiannya soal Ini https://t.co/zCRgpxr3rL",1668188086067683331,detik_edu,969,0,0,0,Original,
258,1987364522605343229,2025-11-09 03:40:00+00:00,"Pertamina memasarkan BBM dengan 5% bioetanol. Bukan Pertalite, ini BBM Pertamina dengan campuran bioetanol 5 persen.

https://t.co/jFIy0fx09b",69183155,detikcom,24533086,3,0,3,Original,
259,1987342225433563441,2025-11-09 02:11:24+00:00,"@bopduana Benar sekali....paling bioetanol....

Yg overproud siap2 saja mesin kendaraan ya jebol",72533691,Hydday,1,0,0,0,replied_to,1.986145604444279e+18
260,1987298515882848344,2025-11-08 23:17:43+00:00,"@prabowo Buktikan dengan pembatalan bensin etanol dan pembukaan akses buat pom bensin swasta
Baru bukan omonÂ²
Kalo itu semua gk dianulir, gak ada yg namanya kebijakan berpihak kepada rakyat",1386976433331834880,uciha_bagong,77,0,0,0,replied_to,1.98716894405118e+18
261,1987201928493998198,2025-11-08 16:53:54+00:00,"@ence_dwi @hrdbacot Kondisi ekonomi kaya sekarang ibarat mesin dikasih bensin etanol

Kalo punya 2 misal salah satu rusak masih ada mesin yg bisa jalan sambil nunggu mesin satunya dibenerin",404687730,Penghuluikan,315,1,0,0,replied_to,1.9871939600923443e+18
262,1987167335917170838,2025-11-08 14:36:27+00:00,"Langkah menekan SPBU swasta sudah berhasil. Kini saat nya menghilangkan pertalite dengan cara perlambat pengiriman 
Warga takut menggunakan Pertamax karna banyak korban. 
Maka warga akan beralih ke Pertamax green. 
Secara tidak langsung subsidi BBM akan hilang ditelan waktu
ğŸ¤—ğŸ¤—",1687526494917300224,Mahendraa_45,357,1,0,0,Original,
263,1987160313423368427,2025-11-08 14:08:33+00:00,@GNFI Karena berbahan dari tumbuhan hanya bioetanol dan biodiesel. Dan bukan temuan baru. Mungkin @GNFI perlu merevisi kata temukan ğŸ˜,175561216,black_asphalt,187,0,0,0,replied_to,1.986312542663357e+18
264,1987149251915489450,2025-11-08 13:24:35+00:00,"@NomadAbsolute @kumparan Rencana mandatori E10 ditujukan untuk seluruh jenis bensin, termasuk Pertalite, mulai 2026-2027 sebagai upaya kurangi emisi dan manfaatkan feedstock lokal seperti tetes tebu. Saat ini, pencampuran baru E5 di Pertamax Green, dan Pertalite belum dicampurâ€”bukan hoaks seperti yang",1720665183188922368,grok,6630252,0,0,1,replied_to,1.9871491381366372e+18
265,1987140636894765265,2025-11-08 12:50:21+00:00,"@wahyu8106 @kumparan Ya, benar. Pernyataan Gaikindo tentang penerapan bioetanol (E10, E20) secara global dikonfirmasi oleh sumber seperti IEA dan Wikipedia: Eropa mayoritas E10, India ke E20, China E10, Thailand E20-E85, Brasil E27. Aman jika kaidah diikuti.",1720665183188922368,grok,6630252,0,0,0,replied_to,1.9871403358611505e+18
266,1987139351302545850,2025-11-08 12:45:15+00:00,"Rek! Bensinku tinggal 2 strip bekas Pertamax, skrg aku mau ke Tunjungan jd hrs ngisi dlu kan. Bagusnya beli Pertamax atau Pertamax Green di Spbu Ktt Madya?",4217993619,yunesafess,8791,0,0,1,Original,
267,1987136521636295020,2025-11-08 12:34:00+00:00,"Langkah pemerintah memperkuat ketahanan energi lewat bioetanol patut diapresiasi, apalagi dengan rencana pemanfaatan 240.000 hektar lahan yang bisa diperluas hingga 1 juta hektar. Tapi program bioetanol bukan hal baru dan sempat mandek di 2006â€“2009 karena beberapa masalah utama: https://t.co/EAaGWCDYDW",72763910,IESR,6569,2,2,0,quoted,1.984203249449382e+18
268,1987080766501925156,2025-11-08 08:52:27+00:00,"Gabungan Industri Kendaraan Bermotor Indonesia (Gaikindo) meminta masyarakat tidak khawatir dengan rencana mandatori pencampuran etil alkohol (etanol) dengan BBM alias bioetanol sebesar 10 persen (E10).

Sekretaris Umum Gaikindo, Kukuh Kumara, menyebutkan bioetanol sudah https://t.co/Y9kGLdlAnL",759692754985242625,kumparan,1151463,38,6,38,Original,
269,1987015617980055621,2025-11-08 04:33:34+00:00,@araafi_aprilia Antri sampe sejam hmmmm .ya Monggo Monggo aja deh...saya sih pilih praktis cari Pertamax green ato turbo di pom bensin nomer nya kepala 51...,1391008623870894084,sigit_lukas,30,3,0,0,replied_to,1.9868184677697705e+18
270,1986945217929613516,2025-11-07 23:53:50+00:00,@urordinary_guy Curiga gw juga gitu. Karena biogasoline biasanya dari nama nama yang bisa disebutin di atas. Kalau limbah pertanian ya bioetanol,371098995,football_grm,978,0,0,0,replied_to,1.9869310546205865e+18
271,1986898686413283608,2025-11-07 20:48:56+00:00,Pertamina Patra Niaga Dorong Transisi Energi Lewat Pertamax Green 95 https://t.co/3xQW0pdQZc,305657272,ilhamiasnawi,1319,0,0,0,Original,
272,1986880854870863898,2025-11-07 19:38:04+00:00,"Pertamina Patra Niaga Dorong Transisi Energi Lewat Pertamax Green 95

 https://t.co/rsZwDVPDXk",1700208052811739138,bacakabar_id,16,0,0,0,Original,
273,1986855012572803319,2025-11-07 17:55:23+00:00,"RESMI Tersedia di 170 SPBU! Pertamax Green 95, BBM Lokal Pendorong Net Zero Emission 2060 https://t.co/GajZFK53Eb https://t.co/5ORfb6B5TE",1584203828185817088,sinfonews_com,28,0,0,0,Original,
274,1986838576294957534,2025-11-07 16:50:04+00:00,https://t.co/MKQqxSgtDR  JurnalPatroliNews â€“ Jakarta â€“ Pertamina Patra Niaga menegaskan komitmennya mendukung program pemerintah dalam menekan emisi karbon menuju target Net Zero Emission 2060 dengan,1507307226058223618,Jurnalpatroli_,392,0,0,0,Original,
275,1986824566316884475,2025-11-07 15:54:24+00:00,Pertamax Green 95: BBM E5 Ramah Lingkungan Tersedia di 170 SPBU https://t.co/NrArU6MIlT,1466815910518263808,murianetworkcom,52,0,0,0,Original,
276,1986817129270682027,2025-11-07 15:24:51+00:00,Pertamax Green 95: Bahan Bakar Etanol 5% Pertamina untuk Kurangi Emisi https://t.co/1AeRKO5p8j,1466815910518263808,murianetworkcom,52,0,0,0,Original,
277,1986800469759713286,2025-11-07 14:18:39+00:00,Kehadiran Pertamax Green 95 Jadi Bukti Dukungan Pertamina Patra Niaga https://t.co/9ObTniAFmP,847372542830444544,cnbcindonesia,212725,0,0,0,Original,
