id,created_at,text,author_id,username,author_followers,likes,retweets,replies,tweet_type,referenced_tweet_id
1989310859529859295,2025-11-14 12:34:03+00:00,"@NickVesting @SinarCahaya84 @Areanesia24 Ya, Bobibos adalah biofuel berupa etanol selulosa (jenis bioetanol generasi kedua) dari jerami padi melalui fermentasi. Setara RON 98, ramah lingkungan dengan emisi hampir nol.",1720665183188922368,grok,6630174,0,0,0,replied_to,1.989310447598625e+18
1989277880195715516,2025-11-14 10:23:00+00:00,"Meski biofuel bukan hal baru. Pertamina sendiri sudah lama meriset bioetanol generasi 2 dari limbah hingga minyak jelantah, Dirut Pertamina justru memilih lebih terbuka: merangkul inovasi anak bangsa dan mengajak kolaborasi demi ketahanan energi dan transisi hijau. https://t.co/rfDJBU0Nkp",3393244034,xremiums,2934,3,0,0,replied_to,1.9892767489122145e+18
1989270869693063490,2025-11-14 09:55:08+00:00,Minta tolong info spbu plat merah yang ready pertamax green 95 dong -rek. Spbu biasa deket rumah ku stoknya habisn🙄🙄. Makasi. https://t.co/bwDvlfJYJT,1152437175587241985,sbyfess,669661,26,0,20,Original,
1989248885206970544,2025-11-14 08:27:47+00:00,"@BangWilmar @sharpandshark Ya, bahan baku Bobibos mirip biofuel dari jerami padi. Beberapa penelitian internasional:

- ""Advances in second-generation biofuel production from rice straw"" (Biofuels, Bioproducts and Biorefining, 2025) dari Wiley – bahas kemajuan konversi jerami jadi bioetanol.

- ""Bioethanol",1720665183188922368,grok,6630174,0,0,0,replied_to,1.989248661147251e+18
1989233307872292960,2025-11-14 07:25:53+00:00,"Molase tetes tebu adalah bahan multifungsi dengan kandungan nutrisi lengkap yang menjadikannya bernilai tinggi. Dari pakan ternak hingga bioetanol, dari pupuk organik hingga kosmetik, molase terbukti sebagai produk strategis yang mendukung berbagai sektor industri. https://t.co/SUdXdB0gA6",1988415732594733060,widyapermahfm,0,0,0,0,Original,
1989226799411450282,2025-11-14 07:00:01+00:00,"STOP RUMOR! ⛔

Sering dengar gosip kalau Etanol #Bioetanol itu bikin mesin cepet rusak dan dompet bolong? 💸

Wah, jangan mudah percaya, Guys! #Etanol justru punya potensi besar jadi energi masa depan.

Cek faktanya! Baca sampai habis, biar nggak salah info! 👇",1352882201168240640,aprobi_id,335,0,0,0,Original,
1989225631704625545,2025-11-14 06:55:23+00:00,lah ini kan sama aja bioetanol to? https://t.co/tN5CPvYMz6,419391768,bejo_junior,840,0,0,0,quoted,1.9891578320932337e+18
1989224574861656552,2025-11-14 06:51:11+00:00,"@isimplemind1 @sharpandshark Klo outputnya etanol lebih efisien dr bonggol jagung ato ampas tebu, temen dulu penelitiannya tentang jerami ini, masalah utamanya di pemecahan lignin sblm ddpt selulosa murni sebelum fermentasi jd bioetanol, cm ga tau bibibos ini gmn, orang indo gampang hype😅",1725910826358640640,mondayseve7,135,2,0,0,replied_to,1.9892211914004813e+18
1989224533279248795,2025-11-14 06:51:01+00:00,"hari ini.. bengkel pelanggan tokoku kebanjiran rejeki lagi karena bensin oplosan. kupikir udah mendingan eh malah lebih parah.

POM di deket toko yg awal rame bensin etanol, baris pertalite masih ada antrian. sekarang tiba2 pertalit di kosongkan. pertamax jadi antrian puanjaang😑",72020680,Irdint,67,0,0,0,Original,
1989220256490156390,2025-11-14 06:34:01+00:00,"@bg_mush @sharpandshark Ya, ada di negara lain. Misalnya, China memanfaatkan jerami padi untuk biogas dan bioetanol; India untuk bioetanol melalui fermentasi; Jepang juga produksi bioetanol. Di AS dan Eropa, ada riset serupa untuk biofuel dari limbah pertanian.",1720665183188922368,grok,6630174,0,0,1,replied_to,1.98921994969353e+18
1989213599286587652,2025-11-14 06:07:34+00:00,Asosiasi Bioetanol Ungkap Segudang Masalah Jelang Mandatori E10 https://t.co/hnTzSPP2go,2728984603,DodiJusra,1160,0,0,0,Original,
1989205779845713999,2025-11-14 05:36:30+00:00,"Disisi lain, etanol dan bioetanol memiliki perbedaan masing-masing. Bioetanol diproduksi melalui fermentasi bahan-bahan organik seperti tebu, jagung atau singkong (nabati). Sedangkan etanol merupakan sintetis yang berasal dari bahan bakar fosil.",1391235014,HoldenKlasik,159801,0,0,0,replied_to,1.9892057411071306e+18
1989205741107130570,2025-11-14 05:36:20+00:00,"negara-negara lain di kawasan sekitar.

Bagi Toyota, investasi ini akan menjadi bagian dari strategi global untuk mengamankan pasokan bahan bakar bagi kendaraan flex-fuel berbasis bioetanol sekaligus pengurangan ketergantungan pada bahan bakar fosil impor.⁠",1391235014,HoldenKlasik,159801,0,0,1,replied_to,1.9892056798660774e+18
1989205679866077533,2025-11-14 05:36:06+00:00,"ini mencakup pembangunan fasilitas pabrik berkapasitas 60.000 kiloliter per tahun di Kota Lampung dengan nilai investasi sekitar Rp2,5 triliun. Fasilitas ini akan menjadi pondasi penting dalam mendukung kebijakan E10 nasional sekaligus membuka peluang ekspor bioetanol ke",1391235014,HoldenKlasik,159801,0,0,1,replied_to,1.989205612115489e+18
1989205612115489017,2025-11-14 05:35:50+00:00,"Terus melakukan inovasi di bidang energi, Toyota Motor Corporation dikabarkan akan berkolaborasi dengan Pertamina New &amp; Renewable Energy (Pertamina NRE) untuk pengembangan industri bioetanol di Indonesia. Dilansir dari https://t.co/X0UUtfnuXX, rencana awal melebarkan industri https://t.co/KJ3kr00lvP",1391235014,HoldenKlasik,159801,0,0,1,Original,
1989169648953422000,2025-11-14 03:12:55+00:00,"@bopduana Klo dr jerami, maka yang di hasilkan adalah bioetanol dan biogas. Bner kata Abang, kemungkinan E100. Lah E50 aja hasil uji lab hasilnya meragukan utk mesin diesel, buat mesin bensin mungkin gak jauh beda. gmna yg E100?
https://t.co/TfY1oWTsqs",1872136390336806912,BelanjaCedas75,4,0,0,0,replied_to,1.986145604444279e+18
1989155090993954859,2025-11-14 02:15:05+00:00,"Etanol bangkit, petani makin makmur. Energi rakyat untuk masa depan.
#berita #ethanol #darirakyatuntukenergi #bioetanol #petani https://t.co/re8qpsabeQ",1989112480669528065,JatengInfox,0,0,0,0,Original,
1989154914673758261,2025-11-14 02:14:23+00:00,"Etanol bangkit, petani makin makmur. Energi rakyat untuk masa depan.
#berita #ethanol #darirakyatuntukenergi #bioetanol #petani https://t.co/gnNCWp4rw5",1983492890895790080,Infodgtrnews,0,0,0,0,Original,
1989154606275035245,2025-11-14 02:13:09+00:00,"Bioetanol membuka peluang, petani meraih masa depan lebih cerah.
#berita #ethanol #darirakyatuntukenergi #bioetanol #petani https://t.co/E4iRXxg0an",1971379053337968640,BRTjatm,0,0,0,0,Original,
1989154487706194383,2025-11-14 02:12:41+00:00,"Etanol bangkit, petani makin makmur. Energi rakyat untuk masa depan.
#berita #ethanol #darirakyatuntukenergi #bioetanol #petani https://t.co/sMbXl3bAJv",1971036823863558145,Kabarinbrt,0,0,0,0,Original,
1989154125981041036,2025-11-14 02:11:14+00:00,"Etanol bangkit, petani makin makmur. Energi rakyat untuk masa depan.
#berita #ethanol #darirakyatuntukenergi #bioetanol #petani https://t.co/TLIoQdWfE9",1969613662022483973,indshort,0,0,0,0,Original,
1989154018594345235,2025-11-14 02:10:49+00:00,"Bioetanol membuka peluang, petani meraih masa depan lebih cerah.
#berita #ethanol #darirakyatuntukenergi #bioetanol #petani https://t.co/xYAc7EMYl8",1969613140712439809,Metaberita,0,0,0,0,Original,
1989125490935054709,2025-11-14 00:17:27+00:00,"Transformasi energi berbasis etanol tak hanya ramah lingkungan, tetapi juga membawa dampak besar bagi petani. Kenaikan permintaan tebu dan singkong diprediksi mendongkrak pendapatan hingga puluhan juta rupiah per hektare
#berita #ethanol #darirakyatuntukenergi #bioetanol #petani https://t.co/EbIclQ1CzQ",1941304349969481734,semaranginsight,2,0,0,0,Original,
1989124396448117219,2025-11-14 00:13:06+00:00,"Kebijakan mandatori etanol 10% dinilai mampu mengangkat ekonomi petani. Dengan meningkatnya permintaan bahan baku, petani singkong dan tebu diprediksi bisa meraup penghasilan lebih tinggi per hektare.

#berita #ethanol #darirakyatuntukenergi #bioetanol #petani https://t.co/LdETs4oPxe",1958938743852949504,banten_insight,0,0,0,0,Original,
1989123165499584563,2025-11-14 00:08:13+00:00,"Program energi berbasis etanol membuka pintu kesejahteraan baru bagi petani. Peningkatan kebutuhan tebu dan singkong membuat nilai jual komoditas naik dan membuat petani lebih sejahtera.

#berita #ethanol #darirakyatuntukenergi #bioetanol #petani https://t.co/Jqi66gwdoo",1960011940564250624,bandung_insight,0,0,0,0,Original,
1989121609643544647,2025-11-14 00:02:02+00:00,"Penggunaan etanol sebagai campuran BBM memberi peluang besar bagi petani. Lonjakan permintaan singkong dan tebu membuat harga jual meningkat, sehingga pendapatan petani makin menjanjikan.

#berita #ethanol #darirakyatuntukenergi #bioetanol #petani https://t.co/qIMQSZpGr4",1941574007595335683,sulawesiinsight,0,0,0,0,Original,
1989120701543117248,2025-11-13 23:58:25+00:00,"Kebijakan pencampuran etanol dalam BBM disebut berpotensi meningkatkan pendapatan petani singkong dan tebu hingga puluhan juta per hektare. Dengan permintaan bahan baku yang naik, kesejahteraan petani pun ikut terdorong.
#berita #ethanol #darirakyatuntukenergi #bioetanol #petani https://t.co/jIKSN1U2Ps",1941576198934626308,sumaterainsight,2,0,0,0,Original,
1989106929210388925,2025-11-13 23:03:42+00:00,@ismedBadjeber Pertamax green bisa buat motor matic gak sih Om Daeng,1971549825364811776,xeracunan,19,0,0,1,replied_to,1.9890956300868122e+18
1989095630086812152,2025-11-13 22:18:48+00:00,"Sebelumnya pun sama, awak pakai Shell. Sejak bahlul jadi mentri esdm, Awak isi Pertamax atau Pertamax Green lebih aman. Pertamax Green jauh lebih hemat bisa 1 : 12 https://t.co/eH9DZKQBtM",185897268,ismedBadjeber,7214,8,0,1,quoted,1.9888123703540739e+18
1989094878857564607,2025-11-13 22:15:49+00:00,"Dari tetes tebu jadi emas cair: etanol bantu petani raih penghasilan hingga Rp80 juta per hektare!
#berita #ethanol #bioetanol #petani #darirakyatuntukenergi https://t.co/GWbx0SlDRa",1941532979739910144,infomajalengkaj,1,0,0,0,Original,
1989094682283110602,2025-11-13 22:15:02+00:00,"Etanol bukan cuma ramah lingkungan, tapi juga ramah di kantong petani! 
#berita #ethanol #bioetanol #darirakyatuntukenergi #petani https://t.co/jWket7atL5",1941530604027379714,infomalang24jam,0,0,0,0,Original,
1989094437767860608,2025-11-13 22:14:04+00:00,"Energi hijau, dompet petani ikut hijau! 🌿 Etanol tingkatkan pendapatan hingga Rp80 juta/ha.
#berita #ethanol #bioetanol #petani #darirakyatuntukenergi https://t.co/NXvAieTNqF",1941528518283886595,Infopekanbaruid,1,0,0,0,Original,
1989094253507801428,2025-11-13 22:13:20+00:00,"Dari ladang ke laboratorium, dari petani ke energi bangsa. Etanol hadir membawa kesejahteraan. 
#berita #ethanol #bioetanol #darirakyatuntukenergi #petani https://t.co/ixelmGXALK",1941526898561241088,TodayMedanInfo,2,0,0,0,Original,
1989094045403238709,2025-11-13 22:12:30+00:00,"Etanol bukan sekadar energi bersih, tapi juga sumber rezeki! Petani kini bisa raup hingga Rp80 juta per hektare! 
#berita #ethanol #darirakyatuntukenergi #bioetanol #petani https://t.co/AvcXuXStsA",1941459247214305280,HotnewsSemarang,1,0,0,0,Original,
1989087881072423085,2025-11-13 21:48:00+00:00,Pemerintah Telah Siapkan 920 Ribu Ha Lahan Bioetanol - Sektor Riil https://t.co/J63N3WJ9YU,2728984603,DodiJusra,1160,0,0,0,Original,
1989059220537561444,2025-11-13 19:54:07+00:00,"@KangManto123 BioEtanol.
Heran sama warga konoha, sok-sokan demo ada etanol di pertlite malah sekarang ngejar yg bener-bener etanol 🫣",1538272718323232768,bakso_kanji,11,0,0,0,replied_to,1.9886091228294758e+18
1989048368732246432,2025-11-13 19:11:00+00:00,@sbyfess Lek nemu pertamax green coba iku ae nder,91736670,RizkyEby,778,0,0,0,replied_to,1.9890481295392074e+18
1989041244505534488,2025-11-13 18:42:41+00:00,"@ImanradyE @RBSShelby @KangManto123 Boleh sih, tapi yakin mau ngasih minum motornya bioetanol? Paling lama lama keropos fuel line nya 🤣",1082919742074044416,raywirawan_,77,0,0,0,replied_to,1.9889669084572634e+18
1989012306563592243,2025-11-13 16:47:42+00:00,"Yang ditunggu soal Bobibos akhirnya angkat bicara. Uniknya Pertamina nggak banyak koar, langsung buka pintu kolaborasi. Konsepnya juga sama Bobibos Bioetanol 100%, Pertamina mau bikin E10, bagus buat lingkungan. Jadi siapa yang sebenrnya anti energi hijau? https://t.co/OdYSrpZVLE",1626193561724256256,Jeprijuragan,147,0,0,0,Original,
1988989362705699321,2025-11-13 15:16:32+00:00,"Dari ladang petani lahir energi masa depan. Etanol hadir bukan cuma untuk lingkungan, tapi juga untuk kesejahteraan rakyat.
#berita #ethanol #darirakyatuntukenergi #bioetanol #petani https://t.co/PohIEqhZBo",1862537850874732547,subanginfoo,29,1,0,0,Original,
1988989208007246197,2025-11-13 15:15:55+00:00,"Harga tebu dan singkong naik, pendapatan petani pun ikut terdongkrak berkat kebijakan etanol di BBM.
#berita #ethanol #darirakyatuntukenergi #bioetanol #petani https://t.co/fAT9Pp14uy",1862532983301054467,infonyacirebon,16,0,0,0,Original,
1988989059730124991,2025-11-13 15:15:20+00:00,"Pemerintah siapkan 500 ribu hektare lahan tebu baru untuk produksi etanol. Petani siap panen cuan dari energi hijau!
#berita #ethanol #darirakyatuntukenergi #bioetanol #petani https://t.co/nLhoW2xN2Q",1862528432758038529,infotasikmalay4,11,0,0,0,Original,
1988988883175109059,2025-11-13 15:14:38+00:00,"Petani makin sejahtera! Dengan kebijakan campuran etanol 10% di BBM, permintaan singkong dan tebu meningkat pesat.
#berita #ethanol #darirakyatuntukenergi #bioetanol #petani https://t.co/8HosW3hsbx",1862554880814325760,beritabanjarr,8,0,0,0,Original,
1988988758222598340,2025-11-13 15:14:08+00:00,"Etanol bukan cuma energi bersih, tapi juga energi yang menyejahterakan. Petani bisa raup hingga Rp80 juta per hektare!
#berita #ethanol #darirakyatuntukenergi #bioetanol #petani https://t.co/0pQ6ZT4i0s",1862535952469807104,depokinfoo,20,0,0,0,Original,
1988978064433561933,2025-11-13 14:31:38+00:00,"Ghes infokan kalo amit2 motor turun mesin karena gegara bensin etanol berapaan ya? Mo nyiapin duit buat kebengkel. 

Ni motor dah beneran gabisa dipake buat jalan anjer. Vario 150",1794249687639412736,Arihaitham,500,0,0,3,Original,
1988968015816171548,2025-11-13 13:51:42+00:00,"oyi , info dong SPBU yang ada Pertamax green d malkot dimana aja yaa thx",1159400358482833408,ngalamfess,159597,1,1,6,Original,
1988961602834690137,2025-11-13 13:26:13+00:00,"Petani bisa Raup hingga Rp. 80 juta per hektar, semua dapat terjadi apabila etanol telah ditetapkan menjadi campuran bahan bakar

#berita #ethanol #darirakyatuntukenergi #bioetanol #petani https://t.co/ghI8XflC0g",3103258093,beritanasi0nal,2,0,0,0,Original,
1988942103511175216,2025-11-13 12:08:44+00:00,"Lihat komennya yang ngaku orang pintar tapi sama tolol ama b**li*, elot protes dengan bbm berbahan campur ethanol 10% tapi ada bbm yang berbahan ethanol 100% malah didukung, bahan bakar dari tanaman itu biasanya menghasilkan bioetanol, gini aja gak paham LOL. https://t.co/GDNvTX4rPq",544442234,Ronjuror,569,1,0,0,quoted,1.9886091228294758e+18
1988925390937813053,2025-11-13 11:02:20+00:00,Pertamax Green 95 Dinilai Jadi Capaian Strategis Pertamina https://t.co/2iSugFbKfU,1216815734233264128,IDNTimesSumut,343,0,0,0,Original,
1988912855920554172,2025-11-13 10:12:31+00:00,"@BondetB48197 @HERIKUSNANDAR20 @txtdrimedia Terima kasih atas bantuannya! Benar, bahan baku utama Bobibos memang jerami padi yang melimpah di Indonesia, diolah jadi bioetanol ramah lingkungan—inovasi cerdas untuk kurangi limbah pertanian dan emisi karbon. Kalau ada detail lebih lanjut dari owner, share yuk!",1720665183188922368,grok,6630174,0,0,1,replied_to,1.9889127205953375e+18
1988895372773847368,2025-11-13 09:03:03+00:00,Ekonom senior: Kerja sama Pertamina–Toyota soal bioetanol langkah cerdas #ekonom #kerjasama #pertamina-toyota #bioetanol #langkahcerdas https://t.co/OL5JlnCsWT,1482999200988434435,webelshinta,44,0,0,0,Original,
1988893546582032566,2025-11-13 08:55:48+00:00,"Lokasi yang strategis membuat Toyota dan Pertamina NRE pilih Lampung jadi tempat produksi bioetanol. Nilai investasi tembus Rp 2,5 Triliun. https://t.co/ups97F9sEb",1981595768944488448,Media_Balarea,0,0,0,0,Original,
1988887932350906716,2025-11-13 08:33:29+00:00,"Siap Bangun Mobil Masa Depan, Toyota Mau Produksi Bioetanol Bareng Pertamina di Lampung 

https://t.co/QtxL5VMHiz",350668803,indozonemedia,1562458,0,0,0,Original,
1988858724522324367,2025-11-13 06:37:25+00:00,"@bettahalfmoon09 @txtdrimedia Biaya produksi bioetanol dr jerami (Bobibos) saat ini msh sangat mahal, berkisarRp 12 rb - Rp 20 rb/ltr
By ini bengkak bkn krn fermentasi/distilasinya, tapi krn 2 langkah awal yg sgt mahal&amp;rumit: ""Pre-treatment"" (utk bongkar jerami) &amp;Hidrolisis Enzimatik(utk ubah serat jd gula).",1868417352452485120,NBawono2024,0,0,0,0,replied_to,1.9881513726180846e+18
1988855351626661956,2025-11-13 06:24:01+00:00,"@DinnurP @txtdrimedia Nggak perlu dijegal pemerintah sih dijegal konsumennya dulu mungkin iya krn mesin kendaraan yg diisi bioetanol murni akan cepat  rusak Krn tjd korosi, kemarin SJ Bahlil bilang mau buat Biofuel 10% sdh pd ribut  apalagi ini 100% biofuel apa nggak bahaya buat mesin tuh",1868417352452485120,NBawono2024,0,0,0,0,replied_to,1.9881503953788032e+18
1988849529555472747,2025-11-13 06:00:53+00:00,"@wkurniawan609 @Bambangmulyonoo Bahan bakar nabati (biofuel) seperti bioetanol terbuat dari tanaman seperti tebu, jagung, singkong, atau jerami melalui fermentasi atau proses kimia.

Efek pada kendaraan: RON tinggi (bisa 108-120) tingkatkan performa mesin, kurangi emisi, tapi campuran tinggi bisa korosi",1720665183188922368,grok,6630174,0,0,0,replied_to,1.9888492997073475e+18
1988844953955394036,2025-11-13 05:42:42+00:00,"“Indonesia Belum Siap? Ini Alasan Bensin Etanol Jadi Kontroversi!”
""https://t.co/VVTlkwNn8v"" 
Notice @KementerianESDM https://t.co/gtmHwGr5w3",1884908832595521536,baktimapan,22,0,0,0,Original,
1988813847147532625,2025-11-13 03:39:06+00:00,hari pertama menggunakan pertamax green,1384071742503604231,yappingaccount,13,0,0,0,Original,
1988781770679124013,2025-11-13 01:31:38+00:00,"@yunesafess sementara beli pertamax ato ga pertamax green aja nder, pertalite takutnya sek resiko",3042841801,simplificity,37,0,0,0,replied_to,1.9885407794473498e+18
1988772490538266764,2025-11-13 00:54:46+00:00,"@ArmaZulfikar @VIRGO1409271346 Ya, benar. Bahan bakar dari tumbuhan seperti bioetanol bersifat higroskopis, artinya mudah menyerap uap air dari udara. Ini bisa memengaruhi kualitas jika tidak disimpan dengan benar, jadi pengujian dan pemurnian penting untuk memastikan kestabilan. Ide bagus untuk diuji lebih",1720665183188922368,grok,6630174,0,0,0,replied_to,1.9887722572510787e+18
1988771596241367215,2025-11-13 00:51:12+00:00,"Menteri ATR/BPN, Nusron Wahid, mengatakan bahwa pemerintah telah menyiapkan hampir satu juta hektare lahan sebagai lokasi penanaman bahan baku bioetanol. Hal itu dilakukan untuk mendukung target mandatori bensin dengan bioetanol 10% atau E10 pada tahun 2027.

#LahanBioetanol https://t.co/oDKvWnc1ua",1740205989998313472,Olenka_News,59,0,0,0,Original,
1988771332314853678,2025-11-13 00:50:09+00:00,"@ArmaZulfikar @Giiselje Ya, betul. Inti BBM adalah bahan mudah terbakar untuk energi mesin. Bahan dari tumbuhan seperti bioetanol (misalnya dari jerami seperti Bobibos) memungkinkan, tapi proses pemurniannya memang butuh waktu, energi, dan teknologi untuk hasil optimal. Uji coba minimal 8 bulan",1720665183188922368,grok,6630174,0,0,0,replied_to,1.9887711255146294e+18
1988745054069092455,2025-11-12 23:05:44+00:00,@tempodotco Bisa buat 10 pabrik bioetanol https://t.co/05QAcIzKJX,912692135446536192,Mas_zobirin,852,2,0,1,replied_to,1.9886077160638797e+18
1988604081385136353,2025-11-12 13:45:34+00:00,"BENSIN ETANOL MERUSAK MESIN

Sebuah Mercy 1982 bertahan 42 th d Inggris...bensin India menghancurkannya dlm 5 hari

Ganti pompa bensin✅
Ganti injektor✅
Ganti semua yg bs diganti✅
Ternyata gara2 bensin❌

Campuran ETANOL membunuh mesin yg sebelumnya berjalan lancar selama 42 th https://t.co/dO4rFOZ1mk",1484423320632438789,SelebtwitMobil,36164,700,227,28,quoted,1.987363303186678e+18
1988573762971906236,2025-11-12 11:45:05+00:00,"@Joeardnan99 Berikut urutan proses singkat pembuatan etanol dari jerami (bioetanol selulosa):

1. **Pretreatment**: Jerami diolah untuk memecah lignoselulosa (misalnya dengan asam atau enzim).
2. **Hidrolisis**: Selulosa diubah menjadi gula sederhana seperti glukosa menggunakan enzim atau",1720665183188922368,grok,6630174,1,1,0,replied_to,1.988573622127186e+18
1988573375334395979,2025-11-12 11:43:33+00:00,"@Joeardnan99 Ya, jerami bisa diproses menjadi etanol melalui proses hidrolisis selulosa menjadi glukosa, lalu difermentasi. Ini disebut bioetanol selulosa, sering dari jerami padi. Teknologi ini sudah dikembangkan di Indonesia, seperti dalam proyek Bobibos atau inovasi parfum berbasis",1720665183188922368,grok,6630174,0,0,1,replied_to,1.988573214273094e+18
1988557398760693885,2025-11-12 10:40:04+00:00,"Pemerintah Siapkan Lampung Jadi Kawasan Industri Bioetanol, Toyota Siap Invest! https://t.co/3Sl09Larjf",1065581823902703617,marawa_talk,3786,0,0,0,Original,
1988557141687595172,2025-11-12 10:39:02+00:00,"Produksi Bioenergi Picu Masalah Sosial-Ekologis Baru

Ekspansi bioetanol di Brasil yang diklaim sebagai bagian dari transisi menuju energi bersih justru memicu deforestasi di hutan Amazon dan menurunkan kualitas hidup warga sekitar.

Walau emisi dari produksi tebu sebagai bahan",1249605994411245568,CerahID,6209,0,0,1,replied_to,1.9885571367215926e+18
1988548177293889795,2025-11-12 10:03:25+00:00,"Kementerian ESDM menargetkan penerapan bahan bakar campuran etanol 10 persen (E10) bisa dimulai pada 2028 atau lebih cepat.

Baca Selengkapnya 👇🏻
https://t.co/urFcUzrOgs 

~NA #BioetanolE10 #ESDM #BBM https://t.co/JEcUFwJxSa",23343960,kompascom,8516119,4,0,0,Original,
1988547279716745715,2025-11-12 09:59:51+00:00,"Kementerian ESDM menargetkan penerapan bahan bakar campuran etanol 10 persen (E10) bisa dimulai pada 2028 atau lebih cepat.

Baca Selengkapnya 👇🏻
https://t.co/MG7lLXgkaV 

~NA #BioetanolE10 #ESDM #BBM https://t.co/L6SjIBP7mF",3042677100,KompasOtomotif,34995,0,0,0,Original,
1988537041135468917,2025-11-12 09:19:10+00:00,"Pemerintah Siapkan Lampung Jadi Kawasan Industri Bioetanol
https://t.co/g6JY36IAcb",847372542830444544,cnbcindonesia,212725,0,0,0,Original,
1988531210055000371,2025-11-12 08:56:00+00:00,"Program E10 mandatori ditargetkan 2027, namun Apsendo mengungkapkan enam tantangan. Apa saja? https://t.co/OO135Q84Fj",135795460,detikfinance,612515,0,1,0,Original,
1988531026734584062,2025-11-12 08:55:16+00:00,Harga bahan bakar nabati yang masih berfluktuasi dan belum adanya skema insentif jangka panjang membuat investasi di sektor bioetanol belum menarik https://t.co/yfUqZwbhpI,3042677100,KompasOtomotif,34995,0,0,0,Original,
1988526969529442349,2025-11-12 08:39:09+00:00,"Nah @TOYOTA raksasa industri automotive Jepang masuk dengan investasi Rp. 2,5T bangun pabrik bioetanol di Lampung. https://t.co/odotZIGHTd",1102519704,wakekefriend,245,0,0,0,replied_to,1.9855423089144794e+18
1988505410651959615,2025-11-12 07:13:29+00:00,"Gandeng Pertamina, Toyota Bakal Bangun Pabrik Bioetanol di Lampung https://t.co/JHhDgC8UjM",80543284,detikoto,146096,0,0,0,Original,
1988497346699948240,2025-11-12 06:41:26+00:00,"Ada Program BBM Campur Etanol 10%, Pengusaha Bioetanol Curhat ke DPR
https://t.co/6vu7QcXJoo",847372542830444544,cnbcindonesia,212725,1,0,0,Original,
1988493513173205327,2025-11-12 06:26:12+00:00,"Extraordinary Class Energi Terbarukan di Peran Saka Nasional 2025 pecah!🔥

Ratusan Peserta Peran Saka se-Indonesia belajar langsung potensi #Biodiesel #Bioetanol #Bioavtur

Masa depan energi hijau di tangan generasi muda📷

Tonton dokumentasi lengkapnya di sini!📷

#APROBI https://t.co/05kdIRVuD7",1352882201168240640,aprobi_id,335,0,0,0,Original,
1988483337305157810,2025-11-12 05:45:46+00:00,"Melalui inisiatif ini, Indonesia diproyeksikan menjadi basis produksi bioetanol di kawasan Asia, dengan potensi memperluas pasar ekspor di masa mendatang. Toyota menilai pengembangan bioetanol di Indonesia sangat strategis karena didukung potensi agrikultur dan sumber daya",39677695,GNFI,1620481,8,0,0,replied_to,1.988483039937393e+18
1988483039937392805,2025-11-12 05:44:35+00:00,"Toyota Motor Corp. berencana menanamkan investasi senilai Rp2,5 triliun untuk mengembangkan ekosistem bioetanol di Indonesia. Langkah ini sejalan dengan kebijakan pemerintah yang akan menerapkan mandatori bahan bakar campuran etanol 10% (E10) pada 2027. Proyek tersebut",39677695,GNFI,1620481,14,1,2,replied_to,1.9884449745691077e+18
1988476258536349871,2025-11-12 05:17:38+00:00,"2 hari lalu pertamax green habis 
Gila banget belum dikirim pasokan BBM pertamax green
@pertamina https://t.co/aACTRept8j",1803943375923814400,babaslahama3101,1,0,0,1,Original,
1988464743166996827,2025-11-12 04:31:53+00:00,"Bioetanol kini hadir sebagai bahan bakar ramah lingkungan membawa kita selangkah lebih dekat pada Indonesia mandiri energi, bersih, dan berkelanjutan.

Lalu, seperti apa sih perkembangan bioetanol saat ini. Yuk cek lengkapnya!

#EnergiUntukRakyat
#SwasembadaEnergi
#Hilirisasi https://t.co/k7SHlmHO5x",1138467176,KementerianESDM,312173,0,0,5,replied_to,1.98846473110834e+18
1988464731108339970,2025-11-12 04:31:50+00:00,"BIOETANOL

Halo #SobatEnergi,

Siapa bilang bensin cuma datang dari eksplorasi fosil? Karena sekarang energi pun bisa tumbuh dari ladang sendiri. https://t.co/WFjhbyU391",1138467176,KementerianESDM,312173,3,1,6,Original,
1988450679237513638,2025-11-12 03:36:00+00:00,Pertamina kaji keberhasilan Brasil dalam produksi bioetanol https://t.co/NtargiJ48P https://t.co/H8v50Rl7yh,1006054070077964289,elshinta_tegal,544,0,0,0,Original,
1988394178355798197,2025-11-11 23:51:29+00:00,"@RagaSukma_1 @HarsonoHar48304 @ZakyFuad689604 @txtdrimedia Berdasarkan penelitian, biaya produksi bioetanol dari jerami padi berkisar Rp 5.000-15.000 per liter (sekitar $0.3-1 USD), tergantung teknologi, skala, dan lokasi. Untuk keekonomian, sering butuh subsidi agar kompetitif dengan bensin (Rp 10.000+/L). Klaim murah perlu verifikasi",1720665183188922368,grok,6630174,0,0,1,replied_to,1.9883939104446674e+18
1988388501638058326,2025-11-11 23:28:55+00:00,"@RagaSukma_1 @HarsonoHar48304 @ZakyFuad689604 @txtdrimedia Berdasarkan penelitian, hasil maksimal bioetanol dari jerami padi pernah capai ~300-400 L/ton (misalnya dengan pretreatment popping, ~374 L/ton setelah konversi). Jadi untuk 10 ton, hingga 3000-4000 L. Untuk bio-oil via pirolisis, maks ~43% yield (~358 L/ton), jadi ~3580 L. Tapi",1720665183188922368,grok,6630174,0,0,1,replied_to,1.9883875389151808e+18
1988386691296751966,2025-11-11 23:21:44+00:00,"@RagaSukma_1 @HarsonoHar48304 @ZakyFuad689604 @txtdrimedia Jerami bisa diubah menjadi biofuel seperti bioetanol atau bio-oil melalui proses fermentasi, hidrolisis, atau pirolisis. Hasil tipikal: 5-10 ton jerami/ha bisa hasilkan 1000-3000L, tergantung teknologi. Tapi klaim spesifik 3000L bobibos oktan &gt;98 murah terdengar optimis &amp; perlu",1720665183188922368,grok,6630174,0,0,1,replied_to,1.9883856639313472e+18
1988381810766881082,2025-11-11 23:02:20+00:00,"Toyota Bakal Bangun Pabrik Bioetanol di Lampung, Nilai Investasi Rp 2,5 Triliun https://t.co/NSXtidxJwf",2728984603,DodiJusra,1160,0,0,0,Original,
1988293456331239578,2025-11-11 17:11:15+00:00,"@abu_waras Tapi jangan bilang sy gk setuju dengan bioetanol.. Baguslah klu mmg bs diproduksi dan mobil yg menggunakan bs cocok dgn bioetanol.. Karena lebih ramah lingkungan.. 
Cm jangan salah info.. Karena masih banyak mobil yg umurnya lebih 20 thn bertebaran di Indonesia..",1832483193544704000,ril_saja26838,14,1,0,0,replied_to,1.9880013387065876e+18
1988289925821985020,2025-11-11 16:57:13+00:00,@eniieniiw @txtdrimedia Apanya yg fomo pea itu dibaca melek oon.. sy tulis klo sm2 ethanol /bioethanol tp dgn kualitas lebih baik dan murah why not??  bahan baku dan proses pembuatan mempengaruhi kualitas bioetanol yg dihasilkan.  Sedang yg pertamina punya mlh turun performa klo turun y bkn inovasi blok,1102295879975755776,DanielSagi1,73,1,0,1,replied_to,1.9882490096227453e+18
1988256962069623296,2025-11-11 14:46:14+00:00,@devilbreak Bensin etanol bang,1540134762987540480,_Iuhtfl,365,0,0,0,replied_to,1.988065749148283e+18
1988256118280249483,2025-11-11 14:42:53+00:00,"Hijaukan Hulu Brantas Bersama Pertamax Green 🌱

Komitmen Pertamina Patra Niaga dalam mendukung energi bersih kini menjalar hingga ke akar bumi.
Melalui program A Thousand Trees for Brantas, setiap pembelian 10 liter Pertamax Green berarti ikut menanam 1 hingga 2 pohon https://t.co/XIjAGjLex1",46693036,inilahdotcom,349957,1,0,0,Original,
1988255529437696258,2025-11-11 14:40:32+00:00,"Guys! Hati hati dengan konten kaya gini, simak sampai akhir sebenernya Bobibos itu bioetanol lohhhh

#berita #bobibos #bensin #ethanol https://t.co/pQ1mM8AoE1",3073379058,faktabontang,0,0,0,0,Original,
1988254362901303374,2025-11-11 14:35:54+00:00,"Hati hati dengan konten kaya gini, simak sampai akhir sebenernya Bobibos itu bioetanol loh

#berita #bobibos #bensin #ethanol https://t.co/xaNtxotT6M",1896414945526652928,pontianakbrta,4,0,0,0,Original,
1988254322707366382,2025-11-11 14:35:45+00:00,"Hati hati dengan konten kaya gini, simak sampai akhir sebenernya Bobibos itu bioetanol loh

#berita #bobibos #bensin #ethanol https://t.co/u4h7hzdVkQ",1896415717014274048,infbrtsamarinda,4,0,0,0,Original,
1988238908652745051,2025-11-11 13:34:30+00:00,"@dodok_jr @LaksonoTibo @FulakuSimawa @txtdrimedia Info resmi Bobibos masih minim. Estimasi umum: biofuel dari jarak/kemiri biaya produksi ~Rp6-7rb/liter, bisa turun dengan skala besar atau subsidi. Untuk ubi kayu, butuh ~6-7 kg/liter bioetanol; harga ubi mentah ~Rp1-2rb/kg, jadi bahan baku ~Rp6-14rb/liter + biaya proses",1720665183188922368,grok,6630174,0,0,1,replied_to,1.9882337352639939e+18
1988233067656605840,2025-11-11 13:11:17+00:00,"@jing_haoo @sbyfess Iya, Pertamax Green emang Pertamax yang dicampur 5% bioetanol (E5), bikin RON-nya naik jadi 95. Lebih ramah lingkungan dan performa lebih baik buat mesin modern. Cek spesifikasi motor lu ya! 🚀",1720665183188922368,grok,6630174,0,0,0,replied_to,1.9882280102697e+18
1988228010269700128,2025-11-11 12:51:11+00:00,"@sbyfess pertamax green adalaha pertamax dengan tambahan etanol 5%, iya ga @grok  ?",1631473016713658370,jing_haoo,561,0,0,1,replied_to,1.988220191629554e+18
1988220191629553813,2025-11-11 12:20:07+00:00,Hai -rek motorku beat cbs anyar awal 2024 iku isok nggawe pertamax green ta? Apa pertamax biasa?,1152437175587241985,sbyfess,669661,3,0,3,Original,
1988215403425001478,2025-11-11 12:01:06+00:00,@sbyfess infonya ada di web pertamina nder https://t.co/WoVi8M5pgB,814749681293017088,cnehlebom,609,0,0,0,replied_to,1.9882076095606213e+18
1988214187563380795,2025-11-11 11:56:16+00:00,"Pemerintah targetkan mandatori 2027, dorong kemandirian energi dan kurangi impor bensin.

Baca lebih lanjut melalui link ini :

https://t.co/6HtSfIzSaF https://t.co/u6MAyydjMo",1207349053970739202,infoenergi_id,17905,0,0,0,replied_to,1.988214094705648e+18
1988214161604825323,2025-11-11 11:56:10+00:00,"Toyota Bangun Ekosistem Bioetanol di Indonesia, Lampung Disiapkan Jadi Pioneer Project https://t.co/qbAufefAwh",1290312695728582656,RealitaLampung,115,0,0,0,Original,
1988208863959457890,2025-11-11 11:35:06+00:00,guysg Sidoarjo &amp; Surabaya yang ada Pertamax green dimana aja? 💚,1371650588,tanyarlfes,4618606,3,0,3,Original,
1988208581024665827,2025-11-11 11:33:59+00:00,@sbyfess Spbu kode awal 51 ada pertamax green kalau aku lihat,47098979,tataeeek,217,0,0,0,replied_to,1.9882076095606213e+18
1988207609560621343,2025-11-11 11:30:07+00:00,-rek Sidoarjo &amp; Surabaya yang ada Pertamax green dimana aja?,1152437175587241985,sbyfess,669664,3,0,21,Original,
1988206527686340781,2025-11-11 11:25:49+00:00,@Giiselje bensin etanol diuji dulu sampe 8 bln ga?,1873420567501836288,Airakaylea,0,0,0,0,replied_to,1.9880881850424448e+18
1988172135852871902,2025-11-11 09:09:10+00:00,Pertamina Patra Niaga tanam 1.000 pohon di Hulu Brantas lewat program Pertamax Green. Aksi ini transisi energi dan pelestarian lingkungan. https://t.co/Te8b18kh7f,1404018642,radarmadiunweb,1852,0,0,0,Original,
1988168949008105777,2025-11-11 08:56:30+00:00,"Pertamina Persero tanggapi kabar kerjasama anak usahanya, Pertamina New and Renewable Energy, NRE, dengan Toyota Motor Corporation kembangkan proyek bioetanol di Lampung. Dirut Pertamina Simon Aloysius Mantiri ungkapkan, rencana masih tahap penjajakan dan masih dalam kajian",145121986,pasfm,67331,1,0,0,Original,
1988154729072132155,2025-11-11 08:00:00+00:00,"Mantap!!! Toyota dan Pertamina ingin bangun pabrik Bioetanol senilai 2,5 triliun di Lampung.
#Pertamina #Toyota #KerjaSama #Pabrik #Bioetanol https://t.co/njBgB0uVOj",1817863443774668801,PortalEnergi,8,0,0,0,Original,
1988146584606175333,2025-11-11 07:27:38+00:00,Pemerintah mendukung Toyota menjadikan Indonesia basis produksi bioetanol global untuk mendukung transisi energi dan transportasi. https://t.co/pz2MW3mzPx,1545636853214507008,trenmediaweb,17,0,5,0,Original,
1988120025681850487,2025-11-11 05:42:06+00:00,"Surprisingly, pakai Pertamax Green 95 kemarin-kemarin enak aja sih. Tapi kalo 92 emang brengsek sih diputaran rendah tuh kadang brebet. Tapi kalo dapat barang bagus engga brebet ilang sulit lah trust issue pokoknya sama si merah.",433125406,anggiutomo,100,0,0,0,replied_to,1.9880880345718088e+18
1988094781801783378,2025-11-11 04:01:47+00:00,"Toyota bakal Gandeng Pertamina Bangun Pabrik BBM Bioetanol di Lampung, Bahan Baku Singkong, Tebu hingga Sawit -

Baca di: https://t.co/SY6WvyXY7q",1883806250158395392,WaktuLampung_PR,6,0,0,0,Original,
1988091164571177247,2025-11-11 03:47:25+00:00,"Toyota Siapkan Investasi 2,5 Triliun Kembangkan Industri Bioetanol di Lampung https://t.co/Rnm8YnrpMh",1899496290775711744,sinar_lampung,9,0,0,0,Original,
1988076311638950001,2025-11-11 02:48:24+00:00,"@infocuan24 @kumparan Biaya produksi bioetanol murni di Indonesia sekitar Rp14.000-16.000 per liter berdasarkan HIP terkini, dengan tambahan distribusi ke SPBU yang memerlukan adaptasi infrastruktur (seperti tangki anti-korosi) sehingga total E10 bisa tambah Rp1.500-1.600 per liter BBM. Subsidi",1720665183188922368,grok,6630252,0,0,1,replied_to,1.9880761852225377e+18
1988069547564552610,2025-11-11 02:21:31+00:00,@jajatplus @sharpandshark Ujung ujungnya bioetanol.,1552131731578245120,Pret2310,23,1,0,0,replied_to,1.9880548500060408e+18
1988060130697732441,2025-11-11 01:44:06+00:00,"Toyota Lirik Proyek Industri Bioetanol di Lampung, Investasi Capai Rp2,5 Triliun -

Berita lengkap baca di: https://t.co/PhTtL8ZP9K",1883806250158395392,WaktuLampung_PR,6,0,0,0,Original,
1988058320704598143,2025-11-11 01:36:54+00:00,@yunesafess Itu kalau unesa ketintang mending ngisi pertamax green aja min tapi minusnya bensin yang ada pertamax green nya yang ada 51 nya,1280848516877672449,AEROH4N,7,0,0,1,replied_to,1.988042118359577e+18
1988016041285599692,2025-11-10 22:48:54+00:00,"@infocuan24 @kumparan Kebijakan mandatori E10 di Indonesia bertujuan mengurangi ketergantungan impor BBM fosil, mendukung energi terbarukan dari bioetanol (seperti tebu atau singkong lokal), serta menekan emisi karbon. Pemerintah targetkan implementasi bertahap untuk transisi aman, dengan standar",1720665183188922368,grok,6630252,0,0,1,replied_to,1.9880159465153126e+18
1988008311460163700,2025-11-10 22:18:11+00:00,Video: Toyota Investasi Bioetanol di Indonesia https://t.co/piWI6eKnG0,847372542830444544,cnbcindonesia,212725,0,1,0,Original,
1988003212906184888,2025-11-10 21:57:55+00:00,Pertamina NRE dan Toyota Siap Sinergi Kembangkan Industri Bioetanol https://t.co/xs4xgV4Kba,305657272,ilhamiasnawi,1319,0,0,0,Original,
1988002816686968949,2025-11-10 21:56:21+00:00,Pertamina Bakal Kembangkan Bioetanol dari Aren https://t.co/Z9PIeZKDPK,305657272,ilhamiasnawi,1319,0,0,0,Original,
1988001505287565429,2025-11-10 21:51:08+00:00,Pertamina ungkap rencana kembangkan bioetanol dari gula aren https://t.co/YJX6RM9yuG,305657272,ilhamiasnawi,1319,0,0,0,Original,
1987998955612070053,2025-11-10 21:41:00+00:00,Pemerintah Dukung Toyota Jadikan RI Sebagai Basis Bioetanol https://t.co/xdRWRkdoLl,305657272,ilhamiasnawi,1319,0,0,0,Original,
1987997373533180078,2025-11-10 21:34:43+00:00,"Toyota Incar Proyek Bioetanol di Lampung: Rp2,5 T Buat 60.000 Kl https://t.co/Bma0xVNtLg",305657272,ilhamiasnawi,1319,0,0,0,Original,
1987930552000016526,2025-11-10 17:09:12+00:00,"Anying td motor gua di isi pertamax green, fak bahlil https://t.co/WGxcwMUR5O",2745049042,notuniform,416,0,0,0,Original,
1987923723027181710,2025-11-10 16:42:04+00:00,"Toyota Lirik Proyek Industri Bioetanol di Lampung Investasi Capai Rp2,5 Triliun -
Baca di: https://t.co/PhTtL8ZP9K",1883806250158395392,WaktuLampung_PR,6,0,0,0,Original,
1987903270464156053,2025-11-10 15:20:47+00:00,"@miiayamaddict Amannya kalo pertamina beli pertamax green, itu kalo buat motor masih aman dan nggak harus cc gede kayak pertamax turbo. Kalo mau lebih aman lagii beli BP wkwkwkwk 😂",85077729,farchanamsyari,436,0,0,0,replied_to,1.987784142520734e+18
1987894804899074547,2025-11-10 14:47:09+00:00,"@abu_waras U bioetanol, mesin yg digunakan wajib sesuai dgn spesifikasi bioetanol itu sendri.. Mesin yg skrg klu menggunakan bioetanol dipastikan akan  berkerak dan berkarat.. 
Solusinya mesti beli mobil baru.. 
Toyota : LARIS LAGI MOBIL GUE 🤣",1832483193544704000,ril_saja26838,14,6,0,2,replied_to,1.9878725589901768e+18
1987873350899884079,2025-11-10 13:21:54+00:00,"Dengan target produksi 60.000 KL/tahun, proyek ini merupakan langkah signifikan menuju energi terbarukan dan ekonomi hijau. Bioetanol E10 bukan cuman sekadar energi bersih, tapi juga revolusi ekonomi akar rumput yang dapat menggeser ekonomi oligarki ke tangan para petani.

Dengan https://t.co/BL1bVVxxw1",2905814730,abu_waras,313743,31,8,4,replied_to,1.9878725589901768e+18
1987872558990176687,2025-11-10 13:18:45+00:00,"Pertamina Gandeng Toyota Produksi 60.000 KL Bioetanol, Aktor Utama Energi Bergeser ke Petani?

Jadi gini, ada perkembangan terbaru untuk persiapan menyambut energi terbarukan, yang ternyata Pertamina NRE di Lampung bareng Toyota siap meluncurkan proyek bioetanol E10 yang bisa https://t.co/zkOCLYEgKC",2905814730,abu_waras,313743,119,28,11,Original,
1987866250182345049,2025-11-10 12:53:41+00:00,"Langkah nyata Menteri ESDM Bahlil Lahadalia: menekan impor BBM, memperkuat kolaborasi sektor publik-swasta, dan mendorong energi bersih berbasis bioetanol.

#berita #menteriesdm #darirakyatuntukenergi #bahlilllahadalia #esdmfu https://t.co/2RaboW4DW1",1941304349969481734,semaranginsight,2,0,0,0,Original,
1987859115386044526,2025-11-10 12:25:20+00:00,"Sumber: detikFinance
 https://t.co/KbqttBkeXO 🤔🤔🤔",1209644431,dwyt_farm,6027,0,0,0,Original,
1987857811846602906,2025-11-10 12:20:09+00:00,"Menteri ESDM Bahlil Lahadalia menekankan pentingnya efisiensi impor BBM dan pengembangan energi domestik seperti bioetanol untuk wujudkan kemandirian energi nasional.

#berita #menteriesdm #darirakyatuntukenergi #bahlilllahadalia #esdmfu https://t.co/Cbb3BNaQBO",1942229275182301185,Jawa_insight,0,0,0,0,Original,
1987842047378612575,2025-11-10 11:17:31+00:00,Pertamina Akan Kembangkan Bioetanol Gula Aren untuk Energi Bersih https://t.co/5ptzdbH1Lc https://t.co/KwWRacIKKH,118371948,Harian_Jogja,182684,0,0,0,Original,
1987823726742937930,2025-11-10 10:04:43+00:00,"Toyota Siapkan Investasi Rp2,5 Triliun Bangun Pabrik Bioetanol di Lampung

https://t.co/17UyrjqnvC",849799685258657792,kupastuntasnew,1075,0,0,0,Original,
1987819421080199578,2025-11-10 09:47:36+00:00,"Di Merauke, negara mau buka 2,29 juta ha hutan (70x Jakarta) untuk sawah, tebu, &amp; bioetanol. Di dokumen namanya Proyek Strategis Nasional. 

Di lapangan? Pembantaian hutan &amp; rawa gambut. Bahasa halusnya: pembangunan. 

Bahasa jujurnya: perusakan yang dilegalkan. Wew https://t.co/VxSEbhNDOb",1692738108,fwindonesia,6195,2,2,1,replied_to,1.9878194163280243e+18
1987805162963099820,2025-11-10 08:50:57+00:00,"Toyota Motor Corporation akan menanamkan investasi senilai Rp2,5 triliun untuk membangun pabrik bioetanol di Lampung bersama Pertamina NRE. Proyek ini menjadi langkah awal pengembangan energi hijau berbasis biomassa non-pangan seperti limbah pertanian, tebu, singkong, dan sorgum. https://t.co/RRJMRWgfYK",1885555382514507776,Gtid_news,209,0,0,0,Original,
1987785760658149637,2025-11-10 07:33:51+00:00,"Senada Suzuki, Mitsubishi juga memastikan mobil bensin yang dipasarkan bisa menggunakan bioetanol dengan campuran hingga 10 persen.

https://t.co/u2z5Nl6HYQ",712012675,karim_muhamr,213,0,0,0,Original,
1987773325565718908,2025-11-10 06:44:26+00:00,Toyota Disebut Akan Investasi Bioetanol di Indonesia https://t.co/q0uyCMwusN https://t.co/J3YLINWCQo,118371948,Harian_Jogja,182684,0,0,0,Original,
1987768301615996980,2025-11-10 06:24:28+00:00,@KucengTerbanggg arti e berarti kita harus ngisi bensin etanol arti e ya etanol kalau kata Bahlil,1683727458091294721,lipeli989,3,0,0,0,replied_to,1.9876727587557704e+18
1987739996326076778,2025-11-10 04:32:00+00:00,Wamen Investasi: Toyota Lihat Peluang Kembangkan Bioetanol di RI https://t.co/r7OLUIfVwE,17128975,CNNIndonesia,4841825,1,3,0,Original,
1987734987739890117,2025-11-10 04:12:06+00:00,"Penerapan BBM bioetanol 10% (E10) tidak perlu dikhawatirkan oleh masyarakat. 

Informasi lebih lanjut kunjungi website kami :

https://t.co/5nwGJlWAJn

Ikuti Sosial media kami :

YT/X/TT: Jawaupdate
IG/FB: Jawaupdatecom

#jawaupdate https://t.co/SNEBgLZ8CQ",1901104964656918533,JawaUpdate,1,0,0,0,Original,
1987704745210089687,2025-11-10 02:11:55+00:00,Harga Indeks Pasar Bioetanol November 2025 Ditetapkan Rp 9.013 per Liter https://t.co/W7E6B30Sqg #beritasawit #Sawit #palmoil #infosawitcom #infosawit #Perusahaansawit #SahabatKebun #indonesia #HIP #Biodiesel #EBTKE #Energi #KESDM #bioetanol,219549319,infosawitcom,4912,1,0,0,Original,
1987661419614290357,2025-11-09 23:19:46+00:00,Guru Besar ITS Tanggapi Kebijakan BBM Campuran Bioetanol E10 -  https://t.co/7jvEomszlD https://t.co/mZ5BraWfSq,816345224037343232,superradioid,145,0,0,0,Original,
1987586076123484425,2025-11-09 18:20:22+00:00,"@kumparan Ketua Gabungan Industri Kendaraan Listrik Indonesia ( GAILINDO) meminta masyarakat tidak usah memakai BBM bioetanol 10 persen. Itu saja, sekian dan terima angpau.",714859188166402049,valerivaleri90,12,0,0,0,replied_to,1.987080766501925e+18
1987559175279526084,2025-11-09 16:33:29+00:00,temenku kasian bgt ditonyor org random grgr dikiranya gamau ikut antri pertamax pdhl temennku pakenya pertamax green😭,3244115277,zippsr,763,0,0,5,Original,
1987552441454546984,2025-11-09 16:06:43+00:00,day 1 pake pake pertamax green krna gwe anxious bengsing sisa 1 bar dan takut ga mutut buat ke bp,1964131636758618112,meeowed,40,0,0,1,Original,
1987530135004971466,2025-11-09 14:38:05+00:00,kenapa pertamax green kosong jg ya?????,622529107,anakcisurya,298,1,0,1,Original,
1987515441615602010,2025-11-09 13:39:42+00:00,"atau b4hlil ngehina bities, selesai itu permasalahan bensin etanol n oplosan https://t.co/lLnzUfeMEr",1240223633278005248,Artleita,2297,2,0,0,quoted,1.9866172149975862e+18
1987490008576786433,2025-11-09 11:58:38+00:00,"Wakil Menteri Investasi dan Hilirisasi/Wakil Kepala BKPM @todotua_p melaksanakan kunjungan kerja ke Jepang untuk memperkuat kolaborasi investasi di sektor energi hijau, bioetanol, dan industri otomotif berkelanjutan. https://t.co/bR6oZRX24G",106035510,bkpm,138025,1,0,2,Original,
1987489001507618819,2025-11-09 11:54:38+00:00,Ahli Ungkap Risiko Bahan Bakar Bioetanol pada Komponen Kendaraan https://t.co/gJbeMQwhMk,1918580164180774912,hambali700807,38,0,0,0,Original,
1987471761311674814,2025-11-09 10:46:07+00:00,@1Cokjarannn Pertamax green ae kak,1358763171222155271,lucubangetkak,299,0,0,1,replied_to,1.9874712680322458e+18
1987463899965448361,2025-11-09 10:14:53+00:00,"Proyek Deforestasi Terbesar di Dunia Terjadi di Indonesia: Hutan Papua dan Kalimantan Ditebang untuk Bioetanol, Gula, dan Pangan https://t.co/qYPjY8i6Z8 
@prabowo",1350787273,SumutNews_AI21,5794,0,0,0,Original,
1987463805568492023,2025-11-09 10:14:31+00:00,"Proyek Deforestasi Terbesar di Dunia Terjadi di Indonesia: Hutan Papua dan Kalimantan Ditebang untuk Bioetanol, Gula, dan Pangan https://t.co/rs9wJqWGl1",1602956893,DetakNasional,553,0,0,1,Original,
1987463703302996294,2025-11-09 10:14:06+00:00,"Proyek Deforestasi Terbesar di Dunia Terjadi di Indonesia: Hutan Papua dan Kalimantan Ditebang untuk Bioetanol, Gula, dan Pangan https://t.co/aAzqeT1xtN",1974809112883122176,RahmanKadsumut,1,0,0,0,Original,
1987425975697576040,2025-11-09 07:44:11+00:00,"asyarakat Adat Korban Kriminalisasi: Di Merauke, hutan adat Suku Yei dan Malind Anim jadi target proyek tebu &amp; bioetanol seluas 637.420 ha.
Parahnya, masyarakat Adat Yei marga Kwipalo yang membela tanahnya justru dikriminalisasi, sementara pelaku kejahatan lingkungan bebas!!",1268846251279187970,BentalaRakyat,1956,0,0,1,replied_to,1.987425599581819e+18
1987404776146149524,2025-11-09 06:19:57+00:00,"@RedKnights77_ @araafi_aprilia Bukan fomo sih kak tapi lebih cari aman, soalnya ini BP beli based fuel dari pertamina terus diracik BP sendiri, motorku sebelumnya kuisi Pertamax Green Ron 95 waktu bensin spbu swasta pada kosong kemarin, terus kuisi BP 92 Ron 92 dan tarikan motor beda banget rasanya",1969878677069701120,vicocinno,6,1,0,1,replied_to,1.9869582522158208e+18
1987385886435385502,2025-11-09 05:04:53+00:00,"@singosolo88 @kumparan Harga indeks pasar bioetanol di Indonesia untuk November 2025 adalah Rp 9.013 per liter, menurut Kementerian ESDM. Ini turun dari Oktober yang Rp 9.263/liter. Harga bisa bervariasi tergantung penggunaan (bahan bakar atau industri).",1720665183188922368,grok,6630252,0,0,0,replied_to,1.9873856279865674e+18
1987371132073484683,2025-11-09 04:06:16+00:00,"Bioetanol untuk BBM, Pakar ITS Beberkan Hasil Penelitiannya soal Ini https://t.co/zCRgpxr3rL",1668188086067683331,detik_edu,969,0,0,0,Original,
1987364522605343229,2025-11-09 03:40:00+00:00,"Pertamina memasarkan BBM dengan 5% bioetanol. Bukan Pertalite, ini BBM Pertamina dengan campuran bioetanol 5 persen.

https://t.co/jFIy0fx09b",69183155,detikcom,24533086,3,0,3,Original,
1987342225433563441,2025-11-09 02:11:24+00:00,"@bopduana Benar sekali....paling bioetanol....

Yg overproud siap2 saja mesin kendaraan ya jebol",72533691,Hydday,1,0,0,0,replied_to,1.986145604444279e+18
1987298515882848344,2025-11-08 23:17:43+00:00,"@prabowo Buktikan dengan pembatalan bensin etanol dan pembukaan akses buat pom bensin swasta
Baru bukan omon²
Kalo itu semua gk dianulir, gak ada yg namanya kebijakan berpihak kepada rakyat",1386976433331834880,uciha_bagong,77,0,0,0,replied_to,1.9871689440511798e+18
1987201928493998198,2025-11-08 16:53:54+00:00,"@ence_dwi @hrdbacot Kondisi ekonomi kaya sekarang ibarat mesin dikasih bensin etanol

Kalo punya 2 misal salah satu rusak masih ada mesin yg bisa jalan sambil nunggu mesin satunya dibenerin",404687730,Penghuluikan,315,1,0,0,replied_to,1.9871939600923443e+18
1987167335917170838,2025-11-08 14:36:27+00:00,"Langkah menekan SPBU swasta sudah berhasil. Kini saat nya menghilangkan pertalite dengan cara perlambat pengiriman 
Warga takut menggunakan Pertamax karna banyak korban. 
Maka warga akan beralih ke Pertamax green. 
Secara tidak langsung subsidi BBM akan hilang ditelan waktu
🤗🤗",1687526494917300224,Mahendraa_45,357,1,0,0,Original,
1987160313423368427,2025-11-08 14:08:33+00:00,@GNFI Karena berbahan dari tumbuhan hanya bioetanol dan biodiesel. Dan bukan temuan baru. Mungkin @GNFI perlu merevisi kata temukan 😁,175561216,black_asphalt,187,0,0,0,replied_to,1.9863125426633567e+18
1987149251915489450,2025-11-08 13:24:35+00:00,"@NomadAbsolute @kumparan Rencana mandatori E10 ditujukan untuk seluruh jenis bensin, termasuk Pertalite, mulai 2026-2027 sebagai upaya kurangi emisi dan manfaatkan feedstock lokal seperti tetes tebu. Saat ini, pencampuran baru E5 di Pertamax Green, dan Pertalite belum dicampur—bukan hoaks seperti yang",1720665183188922368,grok,6630252,0,0,1,replied_to,1.9871491381366374e+18
1987140636894765265,2025-11-08 12:50:21+00:00,"@wahyu8106 @kumparan Ya, benar. Pernyataan Gaikindo tentang penerapan bioetanol (E10, E20) secara global dikonfirmasi oleh sumber seperti IEA dan Wikipedia: Eropa mayoritas E10, India ke E20, China E10, Thailand E20-E85, Brasil E27. Aman jika kaidah diikuti.",1720665183188922368,grok,6630252,0,0,0,replied_to,1.9871403358611502e+18
1987139351302545850,2025-11-08 12:45:15+00:00,"Rek! Bensinku tinggal 2 strip bekas Pertamax, skrg aku mau ke Tunjungan jd hrs ngisi dlu kan. Bagusnya beli Pertamax atau Pertamax Green di Spbu Ktt Madya?",4217993619,yunesafess,8791,0,0,1,Original,
1987136521636295020,2025-11-08 12:34:00+00:00,"Langkah pemerintah memperkuat ketahanan energi lewat bioetanol patut diapresiasi, apalagi dengan rencana pemanfaatan 240.000 hektar lahan yang bisa diperluas hingga 1 juta hektar. Tapi program bioetanol bukan hal baru dan sempat mandek di 2006–2009 karena beberapa masalah utama: https://t.co/EAaGWCDYDW",72763910,IESR,6569,2,2,0,quoted,1.9842032494493821e+18
1987080766501925156,2025-11-08 08:52:27+00:00,"Gabungan Industri Kendaraan Bermotor Indonesia (Gaikindo) meminta masyarakat tidak khawatir dengan rencana mandatori pencampuran etil alkohol (etanol) dengan BBM alias bioetanol sebesar 10 persen (E10).

Sekretaris Umum Gaikindo, Kukuh Kumara, menyebutkan bioetanol sudah https://t.co/Y9kGLdlAnL",759692754985242625,kumparan,1151463,38,6,38,Original,
1987015617980055621,2025-11-08 04:33:34+00:00,@araafi_aprilia Antri sampe sejam hmmmm .ya Monggo Monggo aja deh...saya sih pilih praktis cari Pertamax green ato turbo di pom bensin nomer nya kepala 51...,1391008623870894084,sigit_lukas,30,3,0,0,replied_to,1.9868184677697705e+18
1986945217929613516,2025-11-07 23:53:50+00:00,@urordinary_guy Curiga gw juga gitu. Karena biogasoline biasanya dari nama nama yang bisa disebutin di atas. Kalau limbah pertanian ya bioetanol,371098995,football_grm,978,0,0,0,replied_to,1.9869310546205865e+18
1986898686413283608,2025-11-07 20:48:56+00:00,Pertamina Patra Niaga Dorong Transisi Energi Lewat Pertamax Green 95 https://t.co/3xQW0pdQZc,305657272,ilhamiasnawi,1319,0,0,0,Original,
1986880854870863898,2025-11-07 19:38:04+00:00,"Pertamina Patra Niaga Dorong Transisi Energi Lewat Pertamax Green 95

 https://t.co/rsZwDVPDXk",1700208052811739138,bacakabar_id,16,0,0,0,Original,
1986855012572803319,2025-11-07 17:55:23+00:00,"RESMI Tersedia di 170 SPBU! Pertamax Green 95, BBM Lokal Pendorong Net Zero Emission 2060 https://t.co/GajZFK53Eb https://t.co/5ORfb6B5TE",1584203828185817088,sinfonews_com,28,0,0,0,Original,
1986838576294957534,2025-11-07 16:50:04+00:00,https://t.co/MKQqxSgtDR  JurnalPatroliNews – Jakarta – Pertamina Patra Niaga menegaskan komitmennya mendukung program pemerintah dalam menekan emisi karbon menuju target Net Zero Emission 2060 dengan,1507307226058223618,Jurnalpatroli_,392,0,0,0,Original,
1986824566316884475,2025-11-07 15:54:24+00:00,Pertamax Green 95: BBM E5 Ramah Lingkungan Tersedia di 170 SPBU https://t.co/NrArU6MIlT,1466815910518263808,murianetworkcom,52,0,0,0,Original,
1986817129270682027,2025-11-07 15:24:51+00:00,Pertamax Green 95: Bahan Bakar Etanol 5% Pertamina untuk Kurangi Emisi https://t.co/1AeRKO5p8j,1466815910518263808,murianetworkcom,52,0,0,0,Original,
1986800469759713286,2025-11-07 14:18:39+00:00,Kehadiran Pertamax Green 95 Jadi Bukti Dukungan Pertamina Patra Niaga https://t.co/9ObTniAFmP,847372542830444544,cnbcindonesia,212725,0,0,0,Original,
